Workbook

Sheet 파라미터
A1: 채소 경제 — 손잡이
A2: 파란 글씨 칸만 고치세요. 나머지 시트가 전부 따라 움직입니다.
A4: ■ 콩나물
A5: 회전분 (한 회전에 곳간에 들어가는 값) | B5: 3000 | C5: cropKindSavedWon[0] · 최상 품질 3끼 기준
A6: 수확 주기 | B6: 5 | C6: CROP_KINDS.beansprout.harvestDays
A7: 씨앗값 (실구매) | B7: 700 | C7: buyPriceOf('bean_seed') · 정가 500 × 웃돈
A8: 시루값 (실구매) | B8: 7000 | C8: buyPriceOf('siru') · 정가 5,000 × 웃돈
A9: ■ 겹침 (같은 날 여러 개를 거둘 때)
A10: 첫째 배율 | B10: 1 | C10: 질림 — 같은 걸 계속 먹으면 값이 떨어진다
A11: 둘째 배율 | B11: 0.667 | C11: cropKindSavedWon[1] 2,000 ÷ 3,000
A12: 셋째 배율 | B12: 0.333 | C12: cropKindSavedWon[2] 1,000 ÷ 3,000
A13: 넷째부터 | B13: 0 | C13: 질려서 더는 못 먹는다
A14: ■ 곳간과 판매
A15: 하루 곳간 상한 | B15: 5000 | C15: min(종류합 5,000, 끼니상한 2끼×2,500)
A16: 잉여 판매가율 | B16: 0.7 | C16: 곳간이 못 받은 몫만 팔린다
A17: ■ 살림
A18: 시작 소지금 | B18: 1300000 | C18: 박사님 확정 2026-08-09
A19: 식대 | B19: 7500 | C19: 끼니 2,500원 × 하루 3끼
A20: 공과금 | B20: 2500 | C20: 7.5만원 ÷ 30일
A21: 월세 | B21: 300000 | C21: 30일마다 목돈
A22: 월세 주기 | B22: 30 | C22: 시작일이 주기의 마지막 날 — 1일차에 첫 월세
A23: ■ 체력
A24: 시작 최대체력 | B24: 5 | C24: 박사님 확정
A25: 한 시루가 한 회전에 쓰는 손 | B25: 3 | C25: 물 1 + 수확 1 + 심기 1
A27: 이 표가 무엇인가 — 반드시 읽어 주세요
A28: · 게임 코드가 아니라 코드에서 뽑은 값으로 만든 모형입니다. 큰 흐름은 맞고 소수 단위는 다를 수 있습니다.
A29: · 「분배」는 시루를 하루씩 어긋나게 돌리는 것, 「같은 날」은 전부 한 날에 몰아 거두는 것입니다.
A30: · 파산해도 소지금은 0에서 멈춥니다(게임이 그렇습니다). 0이 된 뒤 숫자는 「얼마나 모자란가」를 못 보여 줍니다.
A31: · 몬스테라·증식·가구·전기세는 이 표에 없습니다. 채소만입니다.
A33: ★ 겹침으로 깎인 몫은 버려지지 않고 「잉여」로 팔립니다 (first_play.js — surplusWon = lost + spoiled).
A34: 그래서 같은 날 몰아 거두면 밥은 줄고 현금은 늡니다. 밥은 하루 상한에 막히지만 현금은 안 막혀서,
A35: 시루가 아주 많아지면 몰아 거두는 쪽이 현금상 유리해지는 구간이 생깁니다 — 「자세히」 시트에서 운용을 2로 놓고 보세요.
A37: ▶ 실측과 맞춘 것: 시루 1~5개는 61일차에 마르고, 30개에서 처음으로 안 마릅니다.
A38: 워커 측정의 「작물 없이 61일」·「식대 자립 = 시루 31개」와 같은 자리입니다.

Sheet 일자별 비교
A1: 시루 수에 따른 120일 — 분배로 돌릴 때
A2: 각 묶음은 「그날 거두는 시루 수 · 그날 현금 증감 · 누적 소지금」입니다. 파라미터 시트를 고치면 전부 바뀝니다.
B3: 시루 1개 | E3: 시루 2개 | H3: 시루 3개 | K3: 시루 5개 | N3: 시루 10개 | Q3: 시루 20개
A4: 일차 | B4: 거둠 | C4: 증감 | D4: 누적 | E4: 거둠 | F4: 증감 | G4: 누적 | H4: 거둠 | I4: 증감 | J4: 누적 | K4: 거둠 | L4: 증감 | M4: 누적 | N4: 거둠 | O4: 증감 | P4: 누적 | Q4: 거둠 | R4: 증감 | S4: 누적
A5: 1 | B5: =IF(OR($A5<파라미터!$B$6,MOD($A5,파라미터!$B$6)>=1),0,INT((1-MOD($A5,파라미터!$B$6)-1)/파라미터!$B$6)+1) | C5: =((B5*파라미터!$B$5-파라미터!$B$5*(IF(B5>=1,파라미터!$B$10,0)+IF(B5>=2,파라미터!$B$11,0)+IF(B5>=3,파라미터!$B$12,0)))+MAX(0,파라미터!$B$5*(IF(B5>=1,파라미터!$B$10,0)+IF(B5>=2,파라미터!$B$11,0)+IF(B5>=3,파라미터!$B$12,0))-파라미터!$B$15))*파라미터!$B$16-B5*파라미터!$B$7-MAX(0,파라미터!$B$19+파라미터!$B$20-MIN(파라미터!$B$15,파라미터!$B$5*(IF(B5>=1,파라미터!$B$10,0)+IF(B5>=2,파라미터!$B$11,0)+IF(B5>=3,파라미터!$B$12,0))))-IF(MOD($A5-1,파라미터!$B$22)=0,파라미터!$B$21,0) | D5: =MAX(0,파라미터!$B$18+C5) | E5: =IF(OR($A5<파라미터!$B$6,MOD($A5,파라미터!$B$6)>=2),0,INT((2-MOD($A5,파라미터!$B$6)-1)/파라미터!$B$6)+1) | F5: =((E5*파라미터!$B$5-파라미터!$B$5*(IF(E5>=1,파라미터!$B$10,0)+IF(E5>=2,파라미터!$B$11,0)+IF(E5>=3,파라미터!$B$12,0)))+MAX(0,파라미터!$B$5*(IF(E5>=1,파라미터!$B$10,0)+IF(E5>=2,파라미터!$B$11,0)+IF(E5>=3,파라미터!$B$12,0))-파라미터!$B$15))*파라미터!$B$16-E5*파라미터!$B$7-MAX(0,파라미터!$B$19+파라미터!$B$20-MIN(파라미터!$B$15,파라미터!$B$5*(IF(E5>=1,파라미터!$B$10,0)+IF(E5>=2,파라미터!$B$11,0)+IF(E5>=3,파라미터!$B$12,0))))-IF(MOD($A5-1,파라미터!$B$22)=0,파라미터!$B$21,0) | G5: =MAX(0,파라미터!$B$18+F5) | H5: =IF(OR($A5<파라미터!$B$6,MOD($A5,파라미터!$B$6)>=3),0,INT((3-MOD($A5,파라미터!$B$6)-1)/파라미터!$B$6)+1) | I5: =((H5*파라미터!$B$5-파라미터!$B$5*(IF(H5>=1,파라미터!$B$10,0)+IF(H5>=2,파라미터!$B$11,0)+IF(H5>=3,파라미터!$B$12,0)))+MAX(0,파라미터!$B$5*(IF(H5>=1,파라미터!$B$10,0)+IF(H5>=2,파라미터!$B$11,0)+IF(H5>=3,파라미터!$B$12,0))-파라미터!$B$15))*파라미터!$B$16-H5*파라미터!$B$7-MAX(0,파라미터!$B$19+파라미터!$B$20-MIN(파라미터!$B$15,파라미터!$B$5*(IF(H5>=1,파라미터!$B$10,0)+IF(H5>=2,파라미터!$B$11,0)+IF(H5>=3,파라미터!$B$12,0))))-IF(MOD($A5-1,파라미터!$B$22)=0,파라미터!$B$21,0) | J5: =MAX(0,파라미터!$B$18+I5) | K5: =IF(OR($A5<파라미터!$B$6,MOD($A5,파라미터!$B$6)>=5),0,INT((5-MOD($A5,파라미터!$B$6)-1)/파라미터!$B$6)+1) | L5: =((K5*파라미터!$B$5-파라미터!$B$5*(IF(K5>=1,파라미터!$B$10,0)+IF(K5>=2,파라미터!$B$11,0)+IF(K5>=3,파라미터!$B$12,0)))+MAX(0,파라미터!$B$5*(IF(K5>=1,파라미터!$B$10,0)+IF(K5>=2,파라미터!$B$11,0)+IF(K5>=3,파라미터!$B$12,0))-파라미터!$B$15))*파라미터!$B$16-K5*파라미터!$B$7-MAX(0,파라미터!$B$19+파라미터!$B$20-MIN(파라미터!$B$15,파라미터!$B$5*(IF(K5>=1,파라미터!$B$10,0)+IF(K5>=2,파라미터!$B$11,0)+IF(K5>=3,파라미터!$B$12,0))))-IF(MOD($A5-1,파라미터!$B$22)=0,파라미터!$B$21,0) | M5: =MAX(0,파라미터!$B$18+L5) | N5: =IF(OR($A5<파라미터!$B$6,MOD($A5,파라미터!$B$6)>=10),0,INT((10-MOD($A5,파라미터!$B$6)-1)/파라미터!$B$6)+1) | O5: =((N5*파라미터!$B$5-파라미터!$B$5*(IF(N5>=1,파라미터!$B$10,0)+IF(N5>=2,파라미터!$B$11,0)+IF(N5>=3,파라미터!$B$12,0)))+MAX(0,파라미터!$B$5*(IF(N5>=1,파라미터!$B$10,0)+IF(N5>=2,파라미터!$B$11,0)+IF(N5>=3,파라미터!$B$12,0))-파라미터!$B$15))*파라미터!$B$16-N5*파라미터!$B$7-MAX(0,파라미터!$B$19+파라미터!$B$20-MIN(파라미터!$B$15,파라미터!$B$5*(IF(N5>=1,파라미터!$B$10,0)+IF(N5>=2,파라미터!$B$11,0)+IF(N5>=3,파라미터!$B$12,0))))-IF(MOD($A5-1,파라미터!$B$22)=0,파라미터!$B$21,0) | P5: =MAX(0,파라미터!$B$18+O5) | Q5: =IF(OR($A5<파라미터!$B$6,MOD($A5,파라미터!$B$6)>=20),0,INT((20-MOD($A5,파라미터!$B$6)-1)/파라미터!$B$6)+1) | R5: =((Q5*파라미터!$B$5-파라미터!$B$5*(IF(Q5>=1,파라미터!$B$10,0)+IF(Q5>=2,파라미터!$B$11,0)+IF(Q5>=3,파라미터!$B$12,0)))+MAX(0,파라미터!$B$5*(IF(Q5>=1,파라미터!$B$10,0)+IF(Q5>=2,파라미터!$B$11,0)+IF(Q5>=3,파라미터!$B$12,0))-파라미터!$B$15))*파라미터!$B$16-Q5*파라미터!$B$7-MAX(0,파라미터!$B$19+파라미터!$B$20-MIN(파라미터!$B$15,파라미터!$B$5*(IF(Q5>=1,파라미터!$B$10,0)+IF(Q5>=2,파라미터!$B$11,0)+IF(Q5>=3,파라미터!$B$12,0))))-IF(MOD($A5-1,파라미터!$B$22)=0,파라미터!$B$21,0) | S5: =MAX(0,파라미터!$B$18+R5)
A6: 2 | B6: =IF(OR($A6<파라미터!$B$6,MOD($A6,파라미터!$B$6)>=1),0,INT((1-MOD($A6,파라미터!$B$6)-1)/파라미터!$B$6)+1) | C6: =((B6*파라미터!$B$5-파라미터!$B$5*(IF(B6>=1,파라미터!$B$10,0)+IF(B6>=2,파라미터!$B$11,0)+IF(B6>=3,파라미터!$B$12,0)))+MAX(0,파라미터!$B$5*(IF(B6>=1,파라미터!$B$10,0)+IF(B6>=2,파라미터!$B$11,0)+IF(B6>=3,파라미터!$B$12,0))-파라미터!$B$15))*파라미터!$B$16-B6*파라미터!$B$7-MAX(0,파라미터!$B$19+파라미터!$B$20-MIN(파라미터!$B$15,파라미터!$B$5*(IF(B6>=1,파라미터!$B$10,0)+IF(B6>=2,파라미터!$B$11,0)+IF(B6>=3,파라미터!$B$12,0))))-IF(MOD($A6-1,파라미터!$B$22)=0,파라미터!$B$21,0) | D6: =MAX(0,D5+C6) | E6: =IF(OR($A6<파라미터!$B$6,MOD($A6,파라미터!$B$6)>=2),0,INT((2-MOD($A6,파라미터!$B$6)-1)/파라미터!$B$6)+1) | F6: =((E6*파라미터!$B$5-파라미터!$B$5*(IF(E6>=1,파라미터!$B$10,0)+IF(E6>=2,파라미터!$B$11,0)+IF(E6>=3,파라미터!$B$12,0)))+MAX(0,파라미터!$B$5*(IF(E6>=1,파라미터!$B$10,0)+IF(E6>=2,파라미터!$B$11,0)+IF(E6>=3,파라미터!$B$12,0))-파라미터!$B$15))*파라미터!$B$16-E6*파라미터!$B$7-MAX(0,파라미터!$B$19+파라미터!$B$20-MIN(파라미터!$B$15,파라미터!$B$5*(IF(E6>=1,파라미터!$B$10,0)+IF(E6>=2,파라미터!$B$11,0)+IF(E6>=3,파라미터!$B$12,0))))-IF(MOD($A6-1,파라미터!$B$22)=0,파라미터!$B$21,0) | G6: =MAX(0,G5+F6) | H6: =IF(OR($A6<파라미터!$B$6,MOD($A6,파라미터!$B$6)>=3),0,INT((3-MOD($A6,파라미터!$B$6)-1)/파라미터!$B$6)+1) | I6: =((H6*파라미터!$B$5-파라미터!$B$5*(IF(H6>=1,파라미터!$B$10,0)+IF(H6>=2,파라미터!$B$11,0)+IF(H6>=3,파라미터!$B$12,0)))+MAX(0,파라미터!$B$5*(IF(H6>=1,파라미터!$B$10,0)+IF(H6>=2,파라미터!$B$11,0)+IF(H6>=3,파라미터!$B$12,0))-파라미터!$B$15))*파라미터!$B$16-H6*파라미터!$B$7-MAX(0,파라미터!$B$19+파라미터!$B$20-MIN(파라미터!$B$15,파라미터!$B$5*(IF(H6>=1,파라미터!$B$10,0)+IF(H6>=2,파라미터!$B$11,0)+IF(H6>=3,파라미터!$B$12,0))))-IF(MOD($A6-1,파라미터!$B$22)=0,파라미터!$B$21,0) | J6: =MAX(0,J5+I6) | K6: =IF(OR($A6<파라미터!$B$6,MOD($A6,파라미터!$B$6)>=5),0,INT((5-MOD($A6,파라미터!$B$6)-1)/파라미터!$B$6)+1) | L6: =((K6*파라미터!$B$5-파라미터!$B$5*(IF(K6>=1,파라미터!$B$10,0)+IF(K6>=2,파라미터!$B$11,0)+IF(K6>=3,파라미터!$B$12,0)))+MAX(0,파라미터!$B$5*(IF(K6>=1,파라미터!$B$10,0)+IF(K6>=2,파라미터!$B$11,0)+IF(K6>=3,파라미터!$B$12,0))-파라미터!$B$15))*파라미터!$B$16-K6*파라미터!$B$7-MAX(0,파라미터!$B$19+파라미터!$B$20-MIN(파라미터!$B$15,파라미터!$B$5*(IF(K6>=1,파라미터!$B$10,0)+IF(K6>=2,파라미터!$B$11,0)+IF(K6>=3,파라미터!$B$12,0))))-IF(MOD($A6-1,파라미터!$B$22)=0,파라미터!$B$21,0) | M6: =MAX(0,M5+L6) | N6: =IF(OR($A6<파라미터!$B$6,MOD($A6,파라미터!$B$6)>=10),0,INT((10-MOD($A6,파라미터!$B$6)-1)/파라미터!$B$6)+1) | O6: =((N6*파라미터!$B$5-파라미터!$B$5*(IF(N6>=1,파라미터!$B$10,0)+IF(N6>=2,파라미터!$B$11,0)+IF(N6>=3,파라미터!$B$12,0)))+MAX(0,파라미터!$B$5*(IF(N6>=1,파라미터!$B$10,0)+IF(N6>=2,파라미터!$B$11,0)+IF(N6>=3,파라미터!$B$12,0))-파라미터!$B$15))*파라미터!$B$16-N6*파라미터!$B$7-MAX(0,파라미터!$B$19+파라미터!$B$20-MIN(파라미터!$B$15,파라미터!$B$5*(IF(N6>=1,파라미터!$B$10,0)+IF(N6>=2,파라미터!$B$11,0)+IF(N6>=3,파라미터!$B$12,0))))-IF(MOD($A6-1,파라미터!$B$22)=0,파라미터!$B$21,0) | P6: =MAX(0,P5+O6) | Q6: =IF(OR($A6<파라미터!$B$6,MOD($A6,파라미터!$B$6)>=20),0,INT((20-MOD($A6,파라미터!$B$6)-1)/파라미터!$B$6)+1) | R6: =((Q6*파라미터!$B$5-파라미터!$B$5*(IF(Q6>=1,파라미터!$B$10,0)+IF(Q6>=2,파라미터!$B$11,0)+IF(Q6>=3,파라미터!$B$12,0)))+MAX(0,파라미터!$B$5*(IF(Q6>=1,파라미터!$B$10,0)+IF(Q6>=2,파라미터!$B$11,0)+IF(Q6>=3,파라미터!$B$12,0))-파라미터!$B$15))*파라미터!$B$16-Q6*파라미터!$B$7-MAX(0,파라미터!$B$19+파라미터!$B$20-MIN(파라미터!$B$15,파라미터!$B$5*(IF(Q6>=1,파라미터!$B$10,0)+IF(Q6>=2,파라미터!$B$11,0)+IF(Q6>=3,파라미터!$B$12,0))))-IF(MOD($A6-1,파라미터!$B$22)=0,파라미터!$B$21,0) | S6: =MAX(0,S5+R6)
A7: 3 | B7: =IF(OR($A7<파라미터!$B$6,MOD($A7,파라미터!$B$6)>=1),0,INT((1-MOD($A7,파라미터!$B$6)-1)/파라미터!$B$6)+1) | C7: =((B7*파라미터!$B$5-파라미터!$B$5*(IF(B7>=1,파라미터!$B$10,0)+IF(B7>=2,파라미터!$B$11,0)+IF(B7>=3,파라미터!$B$12,0)))+MAX(0,파라미터!$B$5*(IF(B7>=1,파라미터!$B$10,0)+IF(B7>=2,파라미터!$B$11,0)+IF(B7>=3,파라미터!$B$12,0))-파라미터!$B$15))*파라미터!$B$16-B7*파라미터!$B$7-MAX(0,파라미터!$B$19+파라미터!$B$20-MIN(파라미터!$B$15,파라미터!$B$5*(IF(B7>=1,파라미터!$B$10,0)+IF(B7>=2,파라미터!$B$11,0)+IF(B7>=3,파라미터!$B$12,0))))-IF(MOD($A7-1,파라미터!$B$22)=0,파라미터!$B$21,0) | D7: =MAX(0,D6+C7) | E7: =IF(OR($A7<파라미터!$B$6,MOD($A7,파라미터!$B$6)>=2),0,INT((2-MOD($A7,파라미터!$B$6)-1)/파라미터!$B$6)+1) | F7: =((E7*파라미터!$B$5-파라미터!$B$5*(IF(E7>=1,파라미터!$B$10,0)+IF(E7>=2,파라미터!$B$11,0)+IF(E7>=3,파라미터!$B$12,0)))+MAX(0,파라미터!$B$5*(IF(E7>=1,파라미터!$B$10,0)+IF(E7>=2,파라미터!$B$11,0)+IF(E7>=3,파라미터!$B$12,0))-파라미터!$B$15))*파라미터!$B$16-E7*파라미터!$B$7-MAX(0,파라미터!$B$19+파라미터!$B$20-MIN(파라미터!$B$15,파라미터!$B$5*(IF(E7>=1,파라미터!$B$10,0)+IF(E7>=2,파라미터!$B$11,0)+IF(E7>=3,파라미터!$B$12,0))))-IF(MOD($A7-1,파라미터!$B$22)=0,파라미터!$B$21,0) | G7: =MAX(0,G6+F7) | H7: =IF(OR($A7<파라미터!$B$6,MOD($A7,파라미터!$B$6)>=3),0,INT((3-MOD($A7,파라미터!$B$6)-1)/파라미터!$B$6)+1) | I7: =((H7*파라미터!$B$5-파라미터!$B$5*(IF(H7>=1,파라미터!$B$10,0)+IF(H7>=2,파라미터!$B$11,0)+IF(H7>=3,파라미터!$B$12,0)))+MAX(0,파라미터!$B$5*(IF(H7>=1,파라미터!$B$10,0)+IF(H7>=2,파라미터!$B$11,0)+IF(H7>=3,파라미터!$B$12,0))-파라미터!$B$15))*파라미터!$B$16-H7*파라미터!$B$7-MAX(0,파라미터!$B$19+파라미터!$B$20-MIN(파라미터!$B$15,파라미터!$B$5*(IF(H7>=1,파라미터!$B$10,0)+IF(H7>=2,파라미터!$B$11,0)+IF(H7>=3,파라미터!$B$12,0))))-IF(MOD($A7-1,파라미터!$B$22)=0,파라미터!$B$21,0) | J7: =MAX(0,J6+I7) | K7: =IF(OR($A7<파라미터!$B$6,MOD($A7,파라미터!$B$6)>=5),0,INT((5-MOD($A7,파라미터!$B$6)-1)/파라미터!$B$6)+1) | L7: =((K7*파라미터!$B$5-파라미터!$B$5*(IF(K7>=1,파라미터!$B$10,0)+IF(K7>=2,파라미터!$B$11,0)+IF(K7>=3,파라미터!$B$12,0)))+MAX(0,파라미터!$B$5*(IF(K7>=1,파라미터!$B$10,0)+IF(K7>=2,파라미터!$B$11,0)+IF(K7>=3,파라미터!$B$12,0))-파라미터!$B$15))*파라미터!$B$16-K7*파라미터!$B$7-MAX(0,파라미터!$B$19+파라미터!$B$20-MIN(파라미터!$B$15,파라미터!$B$5*(IF(K7>=1,파라미터!$B$10,0)+IF(K7>=2,파라미터!$B$11,0)+IF(K7>=3,파라미터!$B$12,0))))-IF(MOD($A7-1,파라미터!$B$22)=0,파라미터!$B$21,0) | M7: =MAX(0,M6+L7) | N7: =IF(OR($A7<파라미터!$B$6,MOD($A7,파라미터!$B$6)>=10),0,INT((10-MOD($A7,파라미터!$B$6)-1)/파라미터!$B$6)+1) | O7: =((N7*파라미터!$B$5-파라미터!$B$5*(IF(N7>=1,파라미터!$B$10,0)+IF(N7>=2,파라미터!$B$11,0)+IF(N7>=3,파라미터!$B$12,0)))+MAX(0,파라미터!$B$5*(IF(N7>=1,파라미터!$B$10,0)+IF(N7>=2,파라미터!$B$11,0)+IF(N7>=3,파라미터!$B$12,0))-파라미터!$B$15))*파라미터!$B$16-N7*파라미터!$B$7-MAX(0,파라미터!$B$19+파라미터!$B$20-MIN(파라미터!$B$15,파라미터!$B$5*(IF(N7>=1,파라미터!$B$10,0)+IF(N7>=2,파라미터!$B$11,0)+IF(N7>=3,파라미터!$B$12,0))))-IF(MOD($A7-1,파라미터!$B$22)=0,파라미터!$B$21,0) | P7: =MAX(0,P6+O7) | Q7: =IF(OR($A7<파라미터!$B$6,MOD($A7,파라미터!$B$6)>=20),0,INT((20-MOD($A7,파라미터!$B$6)-1)/파라미터!$B$6)+1) | R7: =((Q7*파라미터!$B$5-파라미터!$B$5*(IF(Q7>=1,파라미터!$B$10,0)+IF(Q7>=2,파라미터!$B$11,0)+IF(Q7>=3,파라미터!$B$12,0)))+MAX(0,파라미터!$B$5*(IF(Q7>=1,파라미터!$B$10,0)+IF(Q7>=2,파라미터!$B$11,0)+IF(Q7>=3,파라미터!$B$12,0))-파라미터!$B$15))*파라미터!$B$16-Q7*파라미터!$B$7-MAX(0,파라미터!$B$19+파라미터!$B$20-MIN(파라미터!$B$15,파라미터!$B$5*(IF(Q7>=1,파라미터!$B$10,0)+IF(Q7>=2,파라미터!$B$11,0)+IF(Q7>=3,파라미터!$B$12,0))))-IF(MOD($A7-1,파라미터!$B$22)=0,파라미터!$B$21,0) | S7: =MAX(0,S6+R7)
A8: 4 | B8: =IF(OR($A8<파라미터!$B$6,MOD($A8,파라미터!$B$6)>=1),0,INT((1-MOD($A8,파라미터!$B$6)-1)/파라미터!$B$6)+1) | C8: =((B8*파라미터!$B$5-파라미터!$B$5*(IF(B8>=1,파라미터!$B$10,0)+IF(B8>=2,파라미터!$B$11,0)+IF(B8>=3,파라미터!$B$12,0)))+MAX(0,파라미터!$B$5*(IF(B8>=1,파라미터!$B$10,0)+IF(B8>=2,파라미터!$B$11,0)+IF(B8>=3,파라미터!$B$12,0))-파라미터!$B$15))*파라미터!$B$16-B8*파라미터!$B$7-MAX(0,파라미터!$B$19+파라미터!$B$20-MIN(파라미터!$B$15,파라미터!$B$5*(IF(B8>=1,파라미터!$B$10,0)+IF(B8>=2,파라미터!$B$11,0)+IF(B8>=3,파라미터!$B$12,0))))-IF(MOD($A8-1,파라미터!$B$22)=0,파라미터!$B$21,0) | D8: =MAX(0,D7+C8) | E8: =IF(OR($A8<파라미터!$B$6,MOD($A8,파라미터!$B$6)>=2),0,INT((2-MOD($A8,파라미터!$B$6)-1)/파라미터!$B$6)+1) | F8: =((E8*파라미터!$B$5-파라미터!$B$5*(IF(E8>=1,파라미터!$B$10,0)+IF(E8>=2,파라미터!$B$11,0)+IF(E8>=3,파라미터!$B$12,0)))+MAX(0,파라미터!$B$5*(IF(E8>=1,파라미터!$B$10,0)+IF(E8>=2,파라미터!$B$11,0)+IF(E8>=3,파라미터!$B$12,0))-파라미터!$B$15))*파라미터!$B$16-E8*파라미터!$B$7-MAX(0,파라미터!$B$19+파라미터!$B$20-MIN(파라미터!$B$15,파라미터!$B$5*(IF(E8>=1,파라미터!$B$10,0)+IF(E8>=2,파라미터!$B$11,0)+IF(E8>=3,파라미터!$B$12,0))))-IF(MOD($A8-1,파라미터!$B$22)=0,파라미터!$B$21,0) | G8: =MAX(0,G7+F8) | H8: =IF(OR($A8<파라미터!$B$6,MOD($A8,파라미터!$B$6)>=3),0,INT((3-MOD($A8,파라미터!$B$6)-1)/파라미터!$B$6)+1) | I8: =((H8*파라미터!$B$5-파라미터!$B$5*(IF(H8>=1,파라미터!$B$10,0)+IF(H8>=2,파라미터!$B$11,0)+IF(H8>=3,파라미터!$B$12,0)))+MAX(0,파라미터!$B$5*(IF(H8>=1,파라미터!$B$10,0)+IF(H8>=2,파라미터!$B$11,0)+IF(H8>=3,파라미터!$B$12,0))-파라미터!$B$15))*파라미터!$B$16-H8*파라미터!$B$7-MAX(0,파라미터!$B$19+파라미터!$B$20-MIN(파라미터!$B$15,파라미터!$B$5*(IF(H8>=1,파라미터!$B$10,0)+IF(H8>=2,파라미터!$B$11,0)+IF(H8>=3,파라미터!$B$12,0))))-IF(MOD($A8-1,파라미터!$B$22)=0,파라미터!$B$21,0) | J8: =MAX(0,J7+I8) | K8: =IF(OR($A8<파라미터!$B$6,MOD($A8,파라미터!$B$6)>=5),0,INT((5-MOD($A8,파라미터!$B$6)-1)/파라미터!$B$6)+1) | L8: =((K8*파라미터!$B$5-파라미터!$B$5*(IF(K8>=1,파라미터!$B$10,0)+IF(K8>=2,파라미터!$B$11,0)+IF(K8>=3,파라미터!$B$12,0)))+MAX(0,파라미터!$B$5*(IF(K8>=1,파라미터!$B$10,0)+IF(K8>=2,파라미터!$B$11,0)+IF(K8>=3,파라미터!$B$12,0))-파라미터!$B$15))*파라미터!$B$16-K8*파라미터!$B$7-MAX(0,파라미터!$B$19+파라미터!$B$20-MIN(파라미터!$B$15,파라미터!$B$5*(IF(K8>=1,파라미터!$B$10,0)+IF(K8>=2,파라미터!$B$11,0)+IF(K8>=3,파라미터!$B$12,0))))-IF(MOD($A8-1,파라미터!$B$22)=0,파라미터!$B$21,0) | M8: =MAX(0,M7+L8) | N8: =IF(OR($A8<파라미터!$B$6,MOD($A8,파라미터!$B$6)>=10),0,INT((10-MOD($A8,파라미터!$B$6)-1)/파라미터!$B$6)+1) | O8: =((N8*파라미터!$B$5-파라미터!$B$5*(IF(N8>=1,파라미터!$B$10,0)+IF(N8>=2,파라미터!$B$11,0)+IF(N8>=3,파라미터!$B$12,0)))+MAX(0,파라미터!$B$5*(IF(N8>=1,파라미터!$B$10,0)+IF(N8>=2,파라미터!$B$11,0)+IF(N8>=3,파라미터!$B$12,0))-파라미터!$B$15))*파라미터!$B$16-N8*파라미터!$B$7-MAX(0,파라미터!$B$19+파라미터!$B$20-MIN(파라미터!$B$15,파라미터!$B$5*(IF(N8>=1,파라미터!$B$10,0)+IF(N8>=2,파라미터!$B$11,0)+IF(N8>=3,파라미터!$B$12,0))))-IF(MOD($A8-1,파라미터!$B$22)=0,파라미터!$B$21,0) | P8: =MAX(0,P7+O8) | Q8: =IF(OR($A8<파라미터!$B$6,MOD($A8,파라미터!$B$6)>=20),0,INT((20-MOD($A8,파라미터!$B$6)-1)/파라미터!$B$6)+1) | R8: =((Q8*파라미터!$B$5-파라미터!$B$5*(IF(Q8>=1,파라미터!$B$10,0)+IF(Q8>=2,파라미터!$B$11,0)+IF(Q8>=3,파라미터!$B$12,0)))+MAX(0,파라미터!$B$5*(IF(Q8>=1,파라미터!$B$10,0)+IF(Q8>=2,파라미터!$B$11,0)+IF(Q8>=3,파라미터!$B$12,0))-파라미터!$B$15))*파라미터!$B$16-Q8*파라미터!$B$7-MAX(0,파라미터!$B$19+파라미터!$B$20-MIN(파라미터!$B$15,파라미터!$B$5*(IF(Q8>=1,파라미터!$B$10,0)+IF(Q8>=2,파라미터!$B$11,0)+IF(Q8>=3,파라미터!$B$12,0))))-IF(MOD($A8-1,파라미터!$B$22)=0,파라미터!$B$21,0) | S8: =MAX(0,S7+R8)
A9: 5 | B9: =IF(OR($A9<파라미터!$B$6,MOD($A9,파라미터!$B$6)>=1),0,INT((1-MOD($A9,파라미터!$B$6)-1)/파라미터!$B$6)+1) | C9: =((B9*파라미터!$B$5-파라미터!$B$5*(IF(B9>=1,파라미터!$B$10,0)+IF(B9>=2,파라미터!$B$11,0)+IF(B9>=3,파라미터!$B$12,0)))+MAX(0,파라미터!$B$5*(IF(B9>=1,파라미터!$B$10,0)+IF(B9>=2,파라미터!$B$11,0)+IF(B9>=3,파라미터!$B$12,0))-파라미터!$B$15))*파라미터!$B$16-B9*파라미터!$B$7-MAX(0,파라미터!$B$19+파라미터!$B$20-MIN(파라미터!$B$15,파라미터!$B$5*(IF(B9>=1,파라미터!$B$10,0)+IF(B9>=2,파라미터!$B$11,0)+IF(B9>=3,파라미터!$B$12,0))))-IF(MOD($A9-1,파라미터!$B$22)=0,파라미터!$B$21,0) | D9: =MAX(0,D8+C9) | E9: =IF(OR($A9<파라미터!$B$6,MOD($A9,파라미터!$B$6)>=2),0,INT((2-MOD($A9,파라미터!$B$6)-1)/파라미터!$B$6)+1) | F9: =((E9*파라미터!$B$5-파라미터!$B$5*(IF(E9>=1,파라미터!$B$10,0)+IF(E9>=2,파라미터!$B$11,0)+IF(E9>=3,파라미터!$B$12,0)))+MAX(0,파라미터!$B$5*(IF(E9>=1,파라미터!$B$10,0)+IF(E9>=2,파라미터!$B$11,0)+IF(E9>=3,파라미터!$B$12,0))-파라미터!$B$15))*파라미터!$B$16-E9*파라미터!$B$7-MAX(0,파라미터!$B$19+파라미터!$B$20-MIN(파라미터!$B$15,파라미터!$B$5*(IF(E9>=1,파라미터!$B$10,0)+IF(E9>=2,파라미터!$B$11,0)+IF(E9>=3,파라미터!$B$12,0))))-IF(MOD($A9-1,파라미터!$B$22)=0,파라미터!$B$21,0) | G9: =MAX(0,G8+F9) | H9: =IF(OR($A9<파라미터!$B$6,MOD($A9,파라미터!$B$6)>=3),0,INT((3-MOD($A9,파라미터!$B$6)-1)/파라미터!$B$6)+1) | I9: =((H9*파라미터!$B$5-파라미터!$B$5*(IF(H9>=1,파라미터!$B$10,0)+IF(H9>=2,파라미터!$B$11,0)+IF(H9>=3,파라미터!$B$12,0)))+MAX(0,파라미터!$B$5*(IF(H9>=1,파라미터!$B$10,0)+IF(H9>=2,파라미터!$B$11,0)+IF(H9>=3,파라미터!$B$12,0))-파라미터!$B$15))*파라미터!$B$16-H9*파라미터!$B$7-MAX(0,파라미터!$B$19+파라미터!$B$20-MIN(파라미터!$B$15,파라미터!$B$5*(IF(H9>=1,파라미터!$B$10,0)+IF(H9>=2,파라미터!$B$11,0)+IF(H9>=3,파라미터!$B$12,0))))-IF(MOD($A9-1,파라미터!$B$22)=0,파라미터!$B$21,0) | J9: =MAX(0,J8+I9) | K9: =IF(OR($A9<파라미터!$B$6,MOD($A9,파라미터!$B$6)>=5),0,INT((5-MOD($A9,파라미터!$B$6)-1)/파라미터!$B$6)+1) | L9: =((K9*파라미터!$B$5-파라미터!$B$5*(IF(K9>=1,파라미터!$B$10,0)+IF(K9>=2,파라미터!$B$11,0)+IF(K9>=3,파라미터!$B$12,0)))+MAX(0,파라미터!$B$5*(IF(K9>=1,파라미터!$B$10,0)+IF(K9>=2,파라미터!$B$11,0)+IF(K9>=3,파라미터!$B$12,0))-파라미터!$B$15))*파라미터!$B$16-K9*파라미터!$B$7-MAX(0,파라미터!$B$19+파라미터!$B$20-MIN(파라미터!$B$15,파라미터!$B$5*(IF(K9>=1,파라미터!$B$10,0)+IF(K9>=2,파라미터!$B$11,0)+IF(K9>=3,파라미터!$B$12,0))))-IF(MOD($A9-1,파라미터!$B$22)=0,파라미터!$B$21,0) | M9: =MAX(0,M8+L9) | N9: =IF(OR($A9<파라미터!$B$6,MOD($A9,파라미터!$B$6)>=10),0,INT((10-MOD($A9,파라미터!$B$6)-1)/파라미터!$B$6)+1) | O9: =((N9*파라미터!$B$5-파라미터!$B$5*(IF(N9>=1,파라미터!$B$10,0)+IF(N9>=2,파라미터!$B$11,0)+IF(N9>=3,파라미터!$B$12,0)))+MAX(0,파라미터!$B$5*(IF(N9>=1,파라미터!$B$10,0)+IF(N9>=2,파라미터!$B$11,0)+IF(N9>=3,파라미터!$B$12,0))-파라미터!$B$15))*파라미터!$B$16-N9*파라미터!$B$7-MAX(0,파라미터!$B$19+파라미터!$B$20-MIN(파라미터!$B$15,파라미터!$B$5*(IF(N9>=1,파라미터!$B$10,0)+IF(N9>=2,파라미터!$B$11,0)+IF(N9>=3,파라미터!$B$12,0))))-IF(MOD($A9-1,파라미터!$B$22)=0,파라미터!$B$21,0) | P9: =MAX(0,P8+O9) | Q9: =IF(OR($A9<파라미터!$B$6,MOD($A9,파라미터!$B$6)>=20),0,INT((20-MOD($A9,파라미터!$B$6)-1)/파라미터!$B$6)+1) | R9: =((Q9*파라미터!$B$5-파라미터!$B$5*(IF(Q9>=1,파라미터!$B$10,0)+IF(Q9>=2,파라미터!$B$11,0)+IF(Q9>=3,파라미터!$B$12,0)))+MAX(0,파라미터!$B$5*(IF(Q9>=1,파라미터!$B$10,0)+IF(Q9>=2,파라미터!$B$11,0)+IF(Q9>=3,파라미터!$B$12,0))-파라미터!$B$15))*파라미터!$B$16-Q9*파라미터!$B$7-MAX(0,파라미터!$B$19+파라미터!$B$20-MIN(파라미터!$B$15,파라미터!$B$5*(IF(Q9>=1,파라미터!$B$10,0)+IF(Q9>=2,파라미터!$B$11,0)+IF(Q9>=3,파라미터!$B$12,0))))-IF(MOD($A9-1,파라미터!$B$22)=0,파라미터!$B$21,0) | S9: =MAX(0,S8+R9)
A10: 6 | B10: =IF(OR($A10<파라미터!$B$6,MOD($A10,파라미터!$B$6)>=1),0,INT((1-MOD($A10,파라미터!$B$6)-1)/파라미터!$B$6)+1) | C10: =((B10*파라미터!$B$5-파라미터!$B$5*(IF(B10>=1,파라미터!$B$10,0)+IF(B10>=2,파라미터!$B$11,0)+IF(B10>=3,파라미터!$B$12,0)))+MAX(0,파라미터!$B$5*(IF(B10>=1,파라미터!$B$10,0)+IF(B10>=2,파라미터!$B$11,0)+IF(B10>=3,파라미터!$B$12,0))-파라미터!$B$15))*파라미터!$B$16-B10*파라미터!$B$7-MAX(0,파라미터!$B$19+파라미터!$B$20-MIN(파라미터!$B$15,파라미터!$B$5*(IF(B10>=1,파라미터!$B$10,0)+IF(B10>=2,파라미터!$B$11,0)+IF(B10>=3,파라미터!$B$12,0))))-IF(MOD($A10-1,파라미터!$B$22)=0,파라미터!$B$21,0) | D10: =MAX(0,D9+C10) | E10: =IF(OR($A10<파라미터!$B$6,MOD($A10,파라미터!$B$6)>=2),0,INT((2-MOD($A10,파라미터!$B$6)-1)/파라미터!$B$6)+1) | F10: =((E10*파라미터!$B$5-파라미터!$B$5*(IF(E10>=1,파라미터!$B$10,0)+IF(E10>=2,파라미터!$B$11,0)+IF(E10>=3,파라미터!$B$12,0)))+MAX(0,파라미터!$B$5*(IF(E10>=1,파라미터!$B$10,0)+IF(E10>=2,파라미터!$B$11,0)+IF(E10>=3,파라미터!$B$12,0))-파라미터!$B$15))*파라미터!$B$16-E10*파라미터!$B$7-MAX(0,파라미터!$B$19+파라미터!$B$20-MIN(파라미터!$B$15,파라미터!$B$5*(IF(E10>=1,파라미터!$B$10,0)+IF(E10>=2,파라미터!$B$11,0)+IF(E10>=3,파라미터!$B$12,0))))-IF(MOD($A10-1,파라미터!$B$22)=0,파라미터!$B$21,0) | G10: =MAX(0,G9+F10) | H10: =IF(OR($A10<파라미터!$B$6,MOD($A10,파라미터!$B$6)>=3),0,INT((3-MOD($A10,파라미터!$B$6)-1)/파라미터!$B$6)+1) | I10: =((H10*파라미터!$B$5-파라미터!$B$5*(IF(H10>=1,파라미터!$B$10,0)+IF(H10>=2,파라미터!$B$11,0)+IF(H10>=3,파라미터!$B$12,0)))+MAX(0,파라미터!$B$5*(IF(H10>=1,파라미터!$B$10,0)+IF(H10>=2,파라미터!$B$11,0)+IF(H10>=3,파라미터!$B$12,0))-파라미터!$B$15))*파라미터!$B$16-H10*파라미터!$B$7-MAX(0,파라미터!$B$19+파라미터!$B$20-MIN(파라미터!$B$15,파라미터!$B$5*(IF(H10>=1,파라미터!$B$10,0)+IF(H10>=2,파라미터!$B$11,0)+IF(H10>=3,파라미터!$B$12,0))))-IF(MOD($A10-1,파라미터!$B$22)=0,파라미터!$B$21,0) | J10: =MAX(0,J9+I10) | K10: =IF(OR($A10<파라미터!$B$6,MOD($A10,파라미터!$B$6)>=5),0,INT((5-MOD($A10,파라미터!$B$6)-1)/파라미터!$B$6)+1) | L10: =((K10*파라미터!$B$5-파라미터!$B$5*(IF(K10>=1,파라미터!$B$10,0)+IF(K10>=2,파라미터!$B$11,0)+IF(K10>=3,파라미터!$B$12,0)))+MAX(0,파라미터!$B$5*(IF(K10>=1,파라미터!$B$10,0)+IF(K10>=2,파라미터!$B$11,0)+IF(K10>=3,파라미터!$B$12,0))-파라미터!$B$15))*파라미터!$B$16-K10*파라미터!$B$7-MAX(0,파라미터!$B$19+파라미터!$B$20-MIN(파라미터!$B$15,파라미터!$B$5*(IF(K10>=1,파라미터!$B$10,0)+IF(K10>=2,파라미터!$B$11,0)+IF(K10>=3,파라미터!$B$12,0))))-IF(MOD($A10-1,파라미터!$B$22)=0,파라미터!$B$21,0) | M10: =MAX(0,M9+L10) | N10: =IF(OR($A10<파라미터!$B$6,MOD($A10,파라미터!$B$6)>=10),0,INT((10-MOD($A10,파라미터!$B$6)-1)/파라미터!$B$6)+1) | O10: =((N10*파라미터!$B$5-파라미터!$B$5*(IF(N10>=1,파라미터!$B$10,0)+IF(N10>=2,파라미터!$B$11,0)+IF(N10>=3,파라미터!$B$12,0)))+MAX(0,파라미터!$B$5*(IF(N10>=1,파라미터!$B$10,0)+IF(N10>=2,파라미터!$B$11,0)+IF(N10>=3,파라미터!$B$12,0))-파라미터!$B$15))*파라미터!$B$16-N10*파라미터!$B$7-MAX(0,파라미터!$B$19+파라미터!$B$20-MIN(파라미터!$B$15,파라미터!$B$5*(IF(N10>=1,파라미터!$B$10,0)+IF(N10>=2,파라미터!$B$11,0)+IF(N10>=3,파라미터!$B$12,0))))-IF(MOD($A10-1,파라미터!$B$22)=0,파라미터!$B$21,0) | P10: =MAX(0,P9+O10) | Q10: =IF(OR($A10<파라미터!$B$6,MOD($A10,파라미터!$B$6)>=20),0,INT((20-MOD($A10,파라미터!$B$6)-1)/파라미터!$B$6)+1) | R10: =((Q10*파라미터!$B$5-파라미터!$B$5*(IF(Q10>=1,파라미터!$B$10,0)+IF(Q10>=2,파라미터!$B$11,0)+IF(Q10>=3,파라미터!$B$12,0)))+MAX(0,파라미터!$B$5*(IF(Q10>=1,파라미터!$B$10,0)+IF(Q10>=2,파라미터!$B$11,0)+IF(Q10>=3,파라미터!$B$12,0))-파라미터!$B$15))*파라미터!$B$16-Q10*파라미터!$B$7-MAX(0,파라미터!$B$19+파라미터!$B$20-MIN(파라미터!$B$15,파라미터!$B$5*(IF(Q10>=1,파라미터!$B$10,0)+IF(Q10>=2,파라미터!$B$11,0)+IF(Q10>=3,파라미터!$B$12,0))))-IF(MOD($A10-1,파라미터!$B$22)=0,파라미터!$B$21,0) | S10: =MAX(0,S9+R10)
A11: 7 | B11: =IF(OR($A11<파라미터!$B$6,MOD($A11,파라미터!$B$6)>=1),0,INT((1-MOD($A11,파라미터!$B$6)-1)/파라미터!$B$6)+1) | C11: =((B11*파라미터!$B$5-파라미터!$B$5*(IF(B11>=1,파라미터!$B$10,0)+IF(B11>=2,파라미터!$B$11,0)+IF(B11>=3,파라미터!$B$12,0)))+MAX(0,파라미터!$B$5*(IF(B11>=1,파라미터!$B$10,0)+IF(B11>=2,파라미터!$B$11,0)+IF(B11>=3,파라미터!$B$12,0))-파라미터!$B$15))*파라미터!$B$16-B11*파라미터!$B$7-MAX(0,파라미터!$B$19+파라미터!$B$20-MIN(파라미터!$B$15,파라미터!$B$5*(IF(B11>=1,파라미터!$B$10,0)+IF(B11>=2,파라미터!$B$11,0)+IF(B11>=3,파라미터!$B$12,0))))-IF(MOD($A11-1,파라미터!$B$22)=0,파라미터!$B$21,0) | D11: =MAX(0,D10+C11) | E11: =IF(OR($A11<파라미터!$B$6,MOD($A11,파라미터!$B$6)>=2),0,INT((2-MOD($A11,파라미터!$B$6)-1)/파라미터!$B$6)+1) | F11: =((E11*파라미터!$B$5-파라미터!$B$5*(IF(E11>=1,파라미터!$B$10,0)+IF(E11>=2,파라미터!$B$11,0)+IF(E11>=3,파라미터!$B$12,0)))+MAX(0,파라미터!$B$5*(IF(E11>=1,파라미터!$B$10,0)+IF(E11>=2,파라미터!$B$11,0)+IF(E11>=3,파라미터!$B$12,0))-파라미터!$B$15))*파라미터!$B$16-E11*파라미터!$B$7-MAX(0,파라미터!$B$19+파라미터!$B$20-MIN(파라미터!$B$15,파라미터!$B$5*(IF(E11>=1,파라미터!$B$10,0)+IF(E11>=2,파라미터!$B$11,0)+IF(E11>=3,파라미터!$B$12,0))))-IF(MOD($A11-1,파라미터!$B$22)=0,파라미터!$B$21,0) | G11: =MAX(0,G10+F11) | H11: =IF(OR($A11<파라미터!$B$6,MOD($A11,파라미터!$B$6)>=3),0,INT((3-MOD($A11,파라미터!$B$6)-1)/파라미터!$B$6)+1) | I11: =((H11*파라미터!$B$5-파라미터!$B$5*(IF(H11>=1,파라미터!$B$10,0)+IF(H11>=2,파라미터!$B$11,0)+IF(H11>=3,파라미터!$B$12,0)))+MAX(0,파라미터!$B$5*(IF(H11>=1,파라미터!$B$10,0)+IF(H11>=2,파라미터!$B$11,0)+IF(H11>=3,파라미터!$B$12,0))-파라미터!$B$15))*파라미터!$B$16-H11*파라미터!$B$7-MAX(0,파라미터!$B$19+파라미터!$B$20-MIN(파라미터!$B$15,파라미터!$B$5*(IF(H11>=1,파라미터!$B$10,0)+IF(H11>=2,파라미터!$B$11,0)+IF(H11>=3,파라미터!$B$12,0))))-IF(MOD($A11-1,파라미터!$B$22)=0,파라미터!$B$21,0) | J11: =MAX(0,J10+I11) | K11: =IF(OR($A11<파라미터!$B$6,MOD($A11,파라미터!$B$6)>=5),0,INT((5-MOD($A11,파라미터!$B$6)-1)/파라미터!$B$6)+1) | L11: =((K11*파라미터!$B$5-파라미터!$B$5*(IF(K11>=1,파라미터!$B$10,0)+IF(K11>=2,파라미터!$B$11,0)+IF(K11>=3,파라미터!$B$12,0)))+MAX(0,파라미터!$B$5*(IF(K11>=1,파라미터!$B$10,0)+IF(K11>=2,파라미터!$B$11,0)+IF(K11>=3,파라미터!$B$12,0))-파라미터!$B$15))*파라미터!$B$16-K11*파라미터!$B$7-MAX(0,파라미터!$B$19+파라미터!$B$20-MIN(파라미터!$B$15,파라미터!$B$5*(IF(K11>=1,파라미터!$B$10,0)+IF(K11>=2,파라미터!$B$11,0)+IF(K11>=3,파라미터!$B$12,0))))-IF(MOD($A11-1,파라미터!$B$22)=0,파라미터!$B$21,0) | M11: =MAX(0,M10+L11) | N11: =IF(OR($A11<파라미터!$B$6,MOD($A11,파라미터!$B$6)>=10),0,INT((10-MOD($A11,파라미터!$B$6)-1)/파라미터!$B$6)+1) | O11: =((N11*파라미터!$B$5-파라미터!$B$5*(IF(N11>=1,파라미터!$B$10,0)+IF(N11>=2,파라미터!$B$11,0)+IF(N11>=3,파라미터!$B$12,0)))+MAX(0,파라미터!$B$5*(IF(N11>=1,파라미터!$B$10,0)+IF(N11>=2,파라미터!$B$11,0)+IF(N11>=3,파라미터!$B$12,0))-파라미터!$B$15))*파라미터!$B$16-N11*파라미터!$B$7-MAX(0,파라미터!$B$19+파라미터!$B$20-MIN(파라미터!$B$15,파라미터!$B$5*(IF(N11>=1,파라미터!$B$10,0)+IF(N11>=2,파라미터!$B$11,0)+IF(N11>=3,파라미터!$B$12,0))))-IF(MOD($A11-1,파라미터!$B$22)=0,파라미터!$B$21,0) | P11: =MAX(0,P10+O11) | Q11: =IF(OR($A11<파라미터!$B$6,MOD($A11,파라미터!$B$6)>=20),0,INT((20-MOD($A11,파라미터!$B$6)-1)/파라미터!$B$6)+1) | R11: =((Q11*파라미터!$B$5-파라미터!$B$5*(IF(Q11>=1,파라미터!$B$10,0)+IF(Q11>=2,파라미터!$B$11,0)+IF(Q11>=3,파라미터!$B$12,0)))+MAX(0,파라미터!$B$5*(IF(Q11>=1,파라미터!$B$10,0)+IF(Q11>=2,파라미터!$B$11,0)+IF(Q11>=3,파라미터!$B$12,0))-파라미터!$B$15))*파라미터!$B$16-Q11*파라미터!$B$7-MAX(0,파라미터!$B$19+파라미터!$B$20-MIN(파라미터!$B$15,파라미터!$B$5*(IF(Q11>=1,파라미터!$B$10,0)+IF(Q11>=2,파라미터!$B$11,0)+IF(Q11>=3,파라미터!$B$12,0))))-IF(MOD($A11-1,파라미터!$B$22)=0,파라미터!$B$21,0) | S11: =MAX(0,S10+R11)
A12: 8 | B12: =IF(OR($A12<파라미터!$B$6,MOD($A12,파라미터!$B$6)>=1),0,INT((1-MOD($A12,파라미터!$B$6)-1)/파라미터!$B$6)+1) | C12: =((B12*파라미터!$B$5-파라미터!$B$5*(IF(B12>=1,파라미터!$B$10,0)+IF(B12>=2,파라미터!$B$11,0)+IF(B12>=3,파라미터!$B$12,0)))+MAX(0,파라미터!$B$5*(IF(B12>=1,파라미터!$B$10,0)+IF(B12>=2,파라미터!$B$11,0)+IF(B12>=3,파라미터!$B$12,0))-파라미터!$B$15))*파라미터!$B$16-B12*파라미터!$B$7-MAX(0,파라미터!$B$19+파라미터!$B$20-MIN(파라미터!$B$15,파라미터!$B$5*(IF(B12>=1,파라미터!$B$10,0)+IF(B12>=2,파라미터!$B$11,0)+IF(B12>=3,파라미터!$B$12,0))))-IF(MOD($A12-1,파라미터!$B$22)=0,파라미터!$B$21,0) | D12: =MAX(0,D11+C12) | E12: =IF(OR($A12<파라미터!$B$6,MOD($A12,파라미터!$B$6)>=2),0,INT((2-MOD($A12,파라미터!$B$6)-1)/파라미터!$B$6)+1) | F12: =((E12*파라미터!$B$5-파라미터!$B$5*(IF(E12>=1,파라미터!$B$10,0)+IF(E12>=2,파라미터!$B$11,0)+IF(E12>=3,파라미터!$B$12,0)))+MAX(0,파라미터!$B$5*(IF(E12>=1,파라미터!$B$10,0)+IF(E12>=2,파라미터!$B$11,0)+IF(E12>=3,파라미터!$B$12,0))-파라미터!$B$15))*파라미터!$B$16-E12*파라미터!$B$7-MAX(0,파라미터!$B$19+파라미터!$B$20-MIN(파라미터!$B$15,파라미터!$B$5*(IF(E12>=1,파라미터!$B$10,0)+IF(E12>=2,파라미터!$B$11,0)+IF(E12>=3,파라미터!$B$12,0))))-IF(MOD($A12-1,파라미터!$B$22)=0,파라미터!$B$21,0) | G12: =MAX(0,G11+F12) | H12: =IF(OR($A12<파라미터!$B$6,MOD($A12,파라미터!$B$6)>=3),0,INT((3-MOD($A12,파라미터!$B$6)-1)/파라미터!$B$6)+1) | I12: =((H12*파라미터!$B$5-파라미터!$B$5*(IF(H12>=1,파라미터!$B$10,0)+IF(H12>=2,파라미터!$B$11,0)+IF(H12>=3,파라미터!$B$12,0)))+MAX(0,파라미터!$B$5*(IF(H12>=1,파라미터!$B$10,0)+IF(H12>=2,파라미터!$B$11,0)+IF(H12>=3,파라미터!$B$12,0))-파라미터!$B$15))*파라미터!$B$16-H12*파라미터!$B$7-MAX(0,파라미터!$B$19+파라미터!$B$20-MIN(파라미터!$B$15,파라미터!$B$5*(IF(H12>=1,파라미터!$B$10,0)+IF(H12>=2,파라미터!$B$11,0)+IF(H12>=3,파라미터!$B$12,0))))-IF(MOD($A12-1,파라미터!$B$22)=0,파라미터!$B$21,0) | J12: =MAX(0,J11+I12) | K12: =IF(OR($A12<파라미터!$B$6,MOD($A12,파라미터!$B$6)>=5),0,INT((5-MOD($A12,파라미터!$B$6)-1)/파라미터!$B$6)+1) | L12: =((K12*파라미터!$B$5-파라미터!$B$5*(IF(K12>=1,파라미터!$B$10,0)+IF(K12>=2,파라미터!$B$11,0)+IF(K12>=3,파라미터!$B$12,0)))+MAX(0,파라미터!$B$5*(IF(K12>=1,파라미터!$B$10,0)+IF(K12>=2,파라미터!$B$11,0)+IF(K12>=3,파라미터!$B$12,0))-파라미터!$B$15))*파라미터!$B$16-K12*파라미터!$B$7-MAX(0,파라미터!$B$19+파라미터!$B$20-MIN(파라미터!$B$15,파라미터!$B$5*(IF(K12>=1,파라미터!$B$10,0)+IF(K12>=2,파라미터!$B$11,0)+IF(K12>=3,파라미터!$B$12,0))))-IF(MOD($A12-1,파라미터!$B$22)=0,파라미터!$B$21,0) | M12: =MAX(0,M11+L12) | N12: =IF(OR($A12<파라미터!$B$6,MOD($A12,파라미터!$B$6)>=10),0,INT((10-MOD($A12,파라미터!$B$6)-1)/파라미터!$B$6)+1) | O12: =((N12*파라미터!$B$5-파라미터!$B$5*(IF(N12>=1,파라미터!$B$10,0)+IF(N12>=2,파라미터!$B$11,0)+IF(N12>=3,파라미터!$B$12,0)))+MAX(0,파라미터!$B$5*(IF(N12>=1,파라미터!$B$10,0)+IF(N12>=2,파라미터!$B$11,0)+IF(N12>=3,파라미터!$B$12,0))-파라미터!$B$15))*파라미터!$B$16-N12*파라미터!$B$7-MAX(0,파라미터!$B$19+파라미터!$B$20-MIN(파라미터!$B$15,파라미터!$B$5*(IF(N12>=1,파라미터!$B$10,0)+IF(N12>=2,파라미터!$B$11,0)+IF(N12>=3,파라미터!$B$12,0))))-IF(MOD($A12-1,파라미터!$B$22)=0,파라미터!$B$21,0) | P12: =MAX(0,P11+O12) | Q12: =IF(OR($A12<파라미터!$B$6,MOD($A12,파라미터!$B$6)>=20),0,INT((20-MOD($A12,파라미터!$B$6)-1)/파라미터!$B$6)+1) | R12: =((Q12*파라미터!$B$5-파라미터!$B$5*(IF(Q12>=1,파라미터!$B$10,0)+IF(Q12>=2,파라미터!$B$11,0)+IF(Q12>=3,파라미터!$B$12,0)))+MAX(0,파라미터!$B$5*(IF(Q12>=1,파라미터!$B$10,0)+IF(Q12>=2,파라미터!$B$11,0)+IF(Q12>=3,파라미터!$B$12,0))-파라미터!$B$15))*파라미터!$B$16-Q12*파라미터!$B$7-MAX(0,파라미터!$B$19+파라미터!$B$20-MIN(파라미터!$B$15,파라미터!$B$5*(IF(Q12>=1,파라미터!$B$10,0)+IF(Q12>=2,파라미터!$B$11,0)+IF(Q12>=3,파라미터!$B$12,0))))-IF(MOD($A12-1,파라미터!$B$22)=0,파라미터!$B$21,0) | S12: =MAX(0,S11+R12)
A13: 9 | B13: =IF(OR($A13<파라미터!$B$6,MOD($A13,파라미터!$B$6)>=1),0,INT((1-MOD($A13,파라미터!$B$6)-1)/파라미터!$B$6)+1) | C13: =((B13*파라미터!$B$5-파라미터!$B$5*(IF(B13>=1,파라미터!$B$10,0)+IF(B13>=2,파라미터!$B$11,0)+IF(B13>=3,파라미터!$B$12,0)))+MAX(0,파라미터!$B$5*(IF(B13>=1,파라미터!$B$10,0)+IF(B13>=2,파라미터!$B$11,0)+IF(B13>=3,파라미터!$B$12,0))-파라미터!$B$15))*파라미터!$B$16-B13*파라미터!$B$7-MAX(0,파라미터!$B$19+파라미터!$B$20-MIN(파라미터!$B$15,파라미터!$B$5*(IF(B13>=1,파라미터!$B$10,0)+IF(B13>=2,파라미터!$B$11,0)+IF(B13>=3,파라미터!$B$12,0))))-IF(MOD($A13-1,파라미터!$B$22)=0,파라미터!$B$21,0) | D13: =MAX(0,D12+C13) | E13: =IF(OR($A13<파라미터!$B$6,MOD($A13,파라미터!$B$6)>=2),0,INT((2-MOD($A13,파라미터!$B$6)-1)/파라미터!$B$6)+1) | F13: =((E13*파라미터!$B$5-파라미터!$B$5*(IF(E13>=1,파라미터!$B$10,0)+IF(E13>=2,파라미터!$B$11,0)+IF(E13>=3,파라미터!$B$12,0)))+MAX(0,파라미터!$B$5*(IF(E13>=1,파라미터!$B$10,0)+IF(E13>=2,파라미터!$B$11,0)+IF(E13>=3,파라미터!$B$12,0))-파라미터!$B$15))*파라미터!$B$16-E13*파라미터!$B$7-MAX(0,파라미터!$B$19+파라미터!$B$20-MIN(파라미터!$B$15,파라미터!$B$5*(IF(E13>=1,파라미터!$B$10,0)+IF(E13>=2,파라미터!$B$11,0)+IF(E13>=3,파라미터!$B$12,0))))-IF(MOD($A13-1,파라미터!$B$22)=0,파라미터!$B$21,0) | G13: =MAX(0,G12+F13) | H13: =IF(OR($A13<파라미터!$B$6,MOD($A13,파라미터!$B$6)>=3),0,INT((3-MOD($A13,파라미터!$B$6)-1)/파라미터!$B$6)+1) | I13: =((H13*파라미터!$B$5-파라미터!$B$5*(IF(H13>=1,파라미터!$B$10,0)+IF(H13>=2,파라미터!$B$11,0)+IF(H13>=3,파라미터!$B$12,0)))+MAX(0,파라미터!$B$5*(IF(H13>=1,파라미터!$B$10,0)+IF(H13>=2,파라미터!$B$11,0)+IF(H13>=3,파라미터!$B$12,0))-파라미터!$B$15))*파라미터!$B$16-H13*파라미터!$B$7-MAX(0,파라미터!$B$19+파라미터!$B$20-MIN(파라미터!$B$15,파라미터!$B$5*(IF(H13>=1,파라미터!$B$10,0)+IF(H13>=2,파라미터!$B$11,0)+IF(H13>=3,파라미터!$B$12,0))))-IF(MOD($A13-1,파라미터!$B$22)=0,파라미터!$B$21,0) | J13: =MAX(0,J12+I13) | K13: =IF(OR($A13<파라미터!$B$6,MOD($A13,파라미터!$B$6)>=5),0,INT((5-MOD($A13,파라미터!$B$6)-1)/파라미터!$B$6)+1) | L13: =((K13*파라미터!$B$5-파라미터!$B$5*(IF(K13>=1,파라미터!$B$10,0)+IF(K13>=2,파라미터!$B$11,0)+IF(K13>=3,파라미터!$B$12,0)))+MAX(0,파라미터!$B$5*(IF(K13>=1,파라미터!$B$10,0)+IF(K13>=2,파라미터!$B$11,0)+IF(K13>=3,파라미터!$B$12,0))-파라미터!$B$15))*파라미터!$B$16-K13*파라미터!$B$7-MAX(0,파라미터!$B$19+파라미터!$B$20-MIN(파라미터!$B$15,파라미터!$B$5*(IF(K13>=1,파라미터!$B$10,0)+IF(K13>=2,파라미터!$B$11,0)+IF(K13>=3,파라미터!$B$12,0))))-IF(MOD($A13-1,파라미터!$B$22)=0,파라미터!$B$21,0) | M13: =MAX(0,M12+L13) | N13: =IF(OR($A13<파라미터!$B$6,MOD($A13,파라미터!$B$6)>=10),0,INT((10-MOD($A13,파라미터!$B$6)-1)/파라미터!$B$6)+1) | O13: =((N13*파라미터!$B$5-파라미터!$B$5*(IF(N13>=1,파라미터!$B$10,0)+IF(N13>=2,파라미터!$B$11,0)+IF(N13>=3,파라미터!$B$12,0)))+MAX(0,파라미터!$B$5*(IF(N13>=1,파라미터!$B$10,0)+IF(N13>=2,파라미터!$B$11,0)+IF(N13>=3,파라미터!$B$12,0))-파라미터!$B$15))*파라미터!$B$16-N13*파라미터!$B$7-MAX(0,파라미터!$B$19+파라미터!$B$20-MIN(파라미터!$B$15,파라미터!$B$5*(IF(N13>=1,파라미터!$B$10,0)+IF(N13>=2,파라미터!$B$11,0)+IF(N13>=3,파라미터!$B$12,0))))-IF(MOD($A13-1,파라미터!$B$22)=0,파라미터!$B$21,0) | P13: =MAX(0,P12+O13) | Q13: =IF(OR($A13<파라미터!$B$6,MOD($A13,파라미터!$B$6)>=20),0,INT((20-MOD($A13,파라미터!$B$6)-1)/파라미터!$B$6)+1) | R13: =((Q13*파라미터!$B$5-파라미터!$B$5*(IF(Q13>=1,파라미터!$B$10,0)+IF(Q13>=2,파라미터!$B$11,0)+IF(Q13>=3,파라미터!$B$12,0)))+MAX(0,파라미터!$B$5*(IF(Q13>=1,파라미터!$B$10,0)+IF(Q13>=2,파라미터!$B$11,0)+IF(Q13>=3,파라미터!$B$12,0))-파라미터!$B$15))*파라미터!$B$16-Q13*파라미터!$B$7-MAX(0,파라미터!$B$19+파라미터!$B$20-MIN(파라미터!$B$15,파라미터!$B$5*(IF(Q13>=1,파라미터!$B$10,0)+IF(Q13>=2,파라미터!$B$11,0)+IF(Q13>=3,파라미터!$B$12,0))))-IF(MOD($A13-1,파라미터!$B$22)=0,파라미터!$B$21,0) | S13: =MAX(0,S12+R13)
A14: 10 | B14: =IF(OR($A14<파라미터!$B$6,MOD($A14,파라미터!$B$6)>=1),0,INT((1-MOD($A14,파라미터!$B$6)-1)/파라미터!$B$6)+1) | C14: =((B14*파라미터!$B$5-파라미터!$B$5*(IF(B14>=1,파라미터!$B$10,0)+IF(B14>=2,파라미터!$B$11,0)+IF(B14>=3,파라미터!$B$12,0)))+MAX(0,파라미터!$B$5*(IF(B14>=1,파라미터!$B$10,0)+IF(B14>=2,파라미터!$B$11,0)+IF(B14>=3,파라미터!$B$12,0))-파라미터!$B$15))*파라미터!$B$16-B14*파라미터!$B$7-MAX(0,파라미터!$B$19+파라미터!$B$20-MIN(파라미터!$B$15,파라미터!$B$5*(IF(B14>=1,파라미터!$B$10,0)+IF(B14>=2,파라미터!$B$11,0)+IF(B14>=3,파라미터!$B$12,0))))-IF(MOD($A14-1,파라미터!$B$22)=0,파라미터!$B$21,0) | D14: =MAX(0,D13+C14) | E14: =IF(OR($A14<파라미터!$B$6,MOD($A14,파라미터!$B$6)>=2),0,INT((2-MOD($A14,파라미터!$B$6)-1)/파라미터!$B$6)+1) | F14: =((E14*파라미터!$B$5-파라미터!$B$5*(IF(E14>=1,파라미터!$B$10,0)+IF(E14>=2,파라미터!$B$11,0)+IF(E14>=3,파라미터!$B$12,0)))+MAX(0,파라미터!$B$5*(IF(E14>=1,파라미터!$B$10,0)+IF(E14>=2,파라미터!$B$11,0)+IF(E14>=3,파라미터!$B$12,0))-파라미터!$B$15))*파라미터!$B$16-E14*파라미터!$B$7-MAX(0,파라미터!$B$19+파라미터!$B$20-MIN(파라미터!$B$15,파라미터!$B$5*(IF(E14>=1,파라미터!$B$10,0)+IF(E14>=2,파라미터!$B$11,0)+IF(E14>=3,파라미터!$B$12,0))))-IF(MOD($A14-1,파라미터!$B$22)=0,파라미터!$B$21,0) | G14: =MAX(0,G13+F14) | H14: =IF(OR($A14<파라미터!$B$6,MOD($A14,파라미터!$B$6)>=3),0,INT((3-MOD($A14,파라미터!$B$6)-1)/파라미터!$B$6)+1) | I14: =((H14*파라미터!$B$5-파라미터!$B$5*(IF(H14>=1,파라미터!$B$10,0)+IF(H14>=2,파라미터!$B$11,0)+IF(H14>=3,파라미터!$B$12,0)))+MAX(0,파라미터!$B$5*(IF(H14>=1,파라미터!$B$10,0)+IF(H14>=2,파라미터!$B$11,0)+IF(H14>=3,파라미터!$B$12,0))-파라미터!$B$15))*파라미터!$B$16-H14*파라미터!$B$7-MAX(0,파라미터!$B$19+파라미터!$B$20-MIN(파라미터!$B$15,파라미터!$B$5*(IF(H14>=1,파라미터!$B$10,0)+IF(H14>=2,파라미터!$B$11,0)+IF(H14>=3,파라미터!$B$12,0))))-IF(MOD($A14-1,파라미터!$B$22)=0,파라미터!$B$21,0) | J14: =MAX(0,J13+I14) | K14: =IF(OR($A14<파라미터!$B$6,MOD($A14,파라미터!$B$6)>=5),0,INT((5-MOD($A14,파라미터!$B$6)-1)/파라미터!$B$6)+1) | L14: =((K14*파라미터!$B$5-파라미터!$B$5*(IF(K14>=1,파라미터!$B$10,0)+IF(K14>=2,파라미터!$B$11,0)+IF(K14>=3,파라미터!$B$12,0)))+MAX(0,파라미터!$B$5*(IF(K14>=1,파라미터!$B$10,0)+IF(K14>=2,파라미터!$B$11,0)+IF(K14>=3,파라미터!$B$12,0))-파라미터!$B$15))*파라미터!$B$16-K14*파라미터!$B$7-MAX(0,파라미터!$B$19+파라미터!$B$20-MIN(파라미터!$B$15,파라미터!$B$5*(IF(K14>=1,파라미터!$B$10,0)+IF(K14>=2,파라미터!$B$11,0)+IF(K14>=3,파라미터!$B$12,0))))-IF(MOD($A14-1,파라미터!$B$22)=0,파라미터!$B$21,0) | M14: =MAX(0,M13+L14) | N14: =IF(OR($A14<파라미터!$B$6,MOD($A14,파라미터!$B$6)>=10),0,INT((10-MOD($A14,파라미터!$B$6)-1)/파라미터!$B$6)+1) | O14: =((N14*파라미터!$B$5-파라미터!$B$5*(IF(N14>=1,파라미터!$B$10,0)+IF(N14>=2,파라미터!$B$11,0)+IF(N14>=3,파라미터!$B$12,0)))+MAX(0,파라미터!$B$5*(IF(N14>=1,파라미터!$B$10,0)+IF(N14>=2,파라미터!$B$11,0)+IF(N14>=3,파라미터!$B$12,0))-파라미터!$B$15))*파라미터!$B$16-N14*파라미터!$B$7-MAX(0,파라미터!$B$19+파라미터!$B$20-MIN(파라미터!$B$15,파라미터!$B$5*(IF(N14>=1,파라미터!$B$10,0)+IF(N14>=2,파라미터!$B$11,0)+IF(N14>=3,파라미터!$B$12,0))))-IF(MOD($A14-1,파라미터!$B$22)=0,파라미터!$B$21,0) | P14: =MAX(0,P13+O14) | Q14: =IF(OR($A14<파라미터!$B$6,MOD($A14,파라미터!$B$6)>=20),0,INT((20-MOD($A14,파라미터!$B$6)-1)/파라미터!$B$6)+1) | R14: =((Q14*파라미터!$B$5-파라미터!$B$5*(IF(Q14>=1,파라미터!$B$10,0)+IF(Q14>=2,파라미터!$B$11,0)+IF(Q14>=3,파라미터!$B$12,0)))+MAX(0,파라미터!$B$5*(IF(Q14>=1,파라미터!$B$10,0)+IF(Q14>=2,파라미터!$B$11,0)+IF(Q14>=3,파라미터!$B$12,0))-파라미터!$B$15))*파라미터!$B$16-Q14*파라미터!$B$7-MAX(0,파라미터!$B$19+파라미터!$B$20-MIN(파라미터!$B$15,파라미터!$B$5*(IF(Q14>=1,파라미터!$B$10,0)+IF(Q14>=2,파라미터!$B$11,0)+IF(Q14>=3,파라미터!$B$12,0))))-IF(MOD($A14-1,파라미터!$B$22)=0,파라미터!$B$21,0) | S14: =MAX(0,S13+R14)
A15: 11 | B15: =IF(OR($A15<파라미터!$B$6,MOD($A15,파라미터!$B$6)>=1),0,INT((1-MOD($A15,파라미터!$B$6)-1)/파라미터!$B$6)+1) | C15: =((B15*파라미터!$B$5-파라미터!$B$5*(IF(B15>=1,파라미터!$B$10,0)+IF(B15>=2,파라미터!$B$11,0)+IF(B15>=3,파라미터!$B$12,0)))+MAX(0,파라미터!$B$5*(IF(B15>=1,파라미터!$B$10,0)+IF(B15>=2,파라미터!$B$11,0)+IF(B15>=3,파라미터!$B$12,0))-파라미터!$B$15))*파라미터!$B$16-B15*파라미터!$B$7-MAX(0,파라미터!$B$19+파라미터!$B$20-MIN(파라미터!$B$15,파라미터!$B$5*(IF(B15>=1,파라미터!$B$10,0)+IF(B15>=2,파라미터!$B$11,0)+IF(B15>=3,파라미터!$B$12,0))))-IF(MOD($A15-1,파라미터!$B$22)=0,파라미터!$B$21,0) | D15: =MAX(0,D14+C15) | E15: =IF(OR($A15<파라미터!$B$6,MOD($A15,파라미터!$B$6)>=2),0,INT((2-MOD($A15,파라미터!$B$6)-1)/파라미터!$B$6)+1) | F15: =((E15*파라미터!$B$5-파라미터!$B$5*(IF(E15>=1,파라미터!$B$10,0)+IF(E15>=2,파라미터!$B$11,0)+IF(E15>=3,파라미터!$B$12,0)))+MAX(0,파라미터!$B$5*(IF(E15>=1,파라미터!$B$10,0)+IF(E15>=2,파라미터!$B$11,0)+IF(E15>=3,파라미터!$B$12,0))-파라미터!$B$15))*파라미터!$B$16-E15*파라미터!$B$7-MAX(0,파라미터!$B$19+파라미터!$B$20-MIN(파라미터!$B$15,파라미터!$B$5*(IF(E15>=1,파라미터!$B$10,0)+IF(E15>=2,파라미터!$B$11,0)+IF(E15>=3,파라미터!$B$12,0))))-IF(MOD($A15-1,파라미터!$B$22)=0,파라미터!$B$21,0) | G15: =MAX(0,G14+F15) | H15: =IF(OR($A15<파라미터!$B$6,MOD($A15,파라미터!$B$6)>=3),0,INT((3-MOD($A15,파라미터!$B$6)-1)/파라미터!$B$6)+1) | I15: =((H15*파라미터!$B$5-파라미터!$B$5*(IF(H15>=1,파라미터!$B$10,0)+IF(H15>=2,파라미터!$B$11,0)+IF(H15>=3,파라미터!$B$12,0)))+MAX(0,파라미터!$B$5*(IF(H15>=1,파라미터!$B$10,0)+IF(H15>=2,파라미터!$B$11,0)+IF(H15>=3,파라미터!$B$12,0))-파라미터!$B$15))*파라미터!$B$16-H15*파라미터!$B$7-MAX(0,파라미터!$B$19+파라미터!$B$20-MIN(파라미터!$B$15,파라미터!$B$5*(IF(H15>=1,파라미터!$B$10,0)+IF(H15>=2,파라미터!$B$11,0)+IF(H15>=3,파라미터!$B$12,0))))-IF(MOD($A15-1,파라미터!$B$22)=0,파라미터!$B$21,0) | J15: =MAX(0,J14+I15) | K15: =IF(OR($A15<파라미터!$B$6,MOD($A15,파라미터!$B$6)>=5),0,INT((5-MOD($A15,파라미터!$B$6)-1)/파라미터!$B$6)+1) | L15: =((K15*파라미터!$B$5-파라미터!$B$5*(IF(K15>=1,파라미터!$B$10,0)+IF(K15>=2,파라미터!$B$11,0)+IF(K15>=3,파라미터!$B$12,0)))+MAX(0,파라미터!$B$5*(IF(K15>=1,파라미터!$B$10,0)+IF(K15>=2,파라미터!$B$11,0)+IF(K15>=3,파라미터!$B$12,0))-파라미터!$B$15))*파라미터!$B$16-K15*파라미터!$B$7-MAX(0,파라미터!$B$19+파라미터!$B$20-MIN(파라미터!$B$15,파라미터!$B$5*(IF(K15>=1,파라미터!$B$10,0)+IF(K15>=2,파라미터!$B$11,0)+IF(K15>=3,파라미터!$B$12,0))))-IF(MOD($A15-1,파라미터!$B$22)=0,파라미터!$B$21,0) | M15: =MAX(0,M14+L15) | N15: =IF(OR($A15<파라미터!$B$6,MOD($A15,파라미터!$B$6)>=10),0,INT((10-MOD($A15,파라미터!$B$6)-1)/파라미터!$B$6)+1) | O15: =((N15*파라미터!$B$5-파라미터!$B$5*(IF(N15>=1,파라미터!$B$10,0)+IF(N15>=2,파라미터!$B$11,0)+IF(N15>=3,파라미터!$B$12,0)))+MAX(0,파라미터!$B$5*(IF(N15>=1,파라미터!$B$10,0)+IF(N15>=2,파라미터!$B$11,0)+IF(N15>=3,파라미터!$B$12,0))-파라미터!$B$15))*파라미터!$B$16-N15*파라미터!$B$7-MAX(0,파라미터!$B$19+파라미터!$B$20-MIN(파라미터!$B$15,파라미터!$B$5*(IF(N15>=1,파라미터!$B$10,0)+IF(N15>=2,파라미터!$B$11,0)+IF(N15>=3,파라미터!$B$12,0))))-IF(MOD($A15-1,파라미터!$B$22)=0,파라미터!$B$21,0) | P15: =MAX(0,P14+O15) | Q15: =IF(OR($A15<파라미터!$B$6,MOD($A15,파라미터!$B$6)>=20),0,INT((20-MOD($A15,파라미터!$B$6)-1)/파라미터!$B$6)+1) | R15: =((Q15*파라미터!$B$5-파라미터!$B$5*(IF(Q15>=1,파라미터!$B$10,0)+IF(Q15>=2,파라미터!$B$11,0)+IF(Q15>=3,파라미터!$B$12,0)))+MAX(0,파라미터!$B$5*(IF(Q15>=1,파라미터!$B$10,0)+IF(Q15>=2,파라미터!$B$11,0)+IF(Q15>=3,파라미터!$B$12,0))-파라미터!$B$15))*파라미터!$B$16-Q15*파라미터!$B$7-MAX(0,파라미터!$B$19+파라미터!$B$20-MIN(파라미터!$B$15,파라미터!$B$5*(IF(Q15>=1,파라미터!$B$10,0)+IF(Q15>=2,파라미터!$B$11,0)+IF(Q15>=3,파라미터!$B$12,0))))-IF(MOD($A15-1,파라미터!$B$22)=0,파라미터!$B$21,0) | S15: =MAX(0,S14+R15)
A16: 12 | B16: =IF(OR($A16<파라미터!$B$6,MOD($A16,파라미터!$B$6)>=1),0,INT((1-MOD($A16,파라미터!$B$6)-1)/파라미터!$B$6)+1) | C16: =((B16*파라미터!$B$5-파라미터!$B$5*(IF(B16>=1,파라미터!$B$10,0)+IF(B16>=2,파라미터!$B$11,0)+IF(B16>=3,파라미터!$B$12,0)))+MAX(0,파라미터!$B$5*(IF(B16>=1,파라미터!$B$10,0)+IF(B16>=2,파라미터!$B$11,0)+IF(B16>=3,파라미터!$B$12,0))-파라미터!$B$15))*파라미터!$B$16-B16*파라미터!$B$7-MAX(0,파라미터!$B$19+파라미터!$B$20-MIN(파라미터!$B$15,파라미터!$B$5*(IF(B16>=1,파라미터!$B$10,0)+IF(B16>=2,파라미터!$B$11,0)+IF(B16>=3,파라미터!$B$12,0))))-IF(MOD($A16-1,파라미터!$B$22)=0,파라미터!$B$21,0) | D16: =MAX(0,D15+C16) | E16: =IF(OR($A16<파라미터!$B$6,MOD($A16,파라미터!$B$6)>=2),0,INT((2-MOD($A16,파라미터!$B$6)-1)/파라미터!$B$6)+1) | F16: =((E16*파라미터!$B$5-파라미터!$B$5*(IF(E16>=1,파라미터!$B$10,0)+IF(E16>=2,파라미터!$B$11,0)+IF(E16>=3,파라미터!$B$12,0)))+MAX(0,파라미터!$B$5*(IF(E16>=1,파라미터!$B$10,0)+IF(E16>=2,파라미터!$B$11,0)+IF(E16>=3,파라미터!$B$12,0))-파라미터!$B$15))*파라미터!$B$16-E16*파라미터!$B$7-MAX(0,파라미터!$B$19+파라미터!$B$20-MIN(파라미터!$B$15,파라미터!$B$5*(IF(E16>=1,파라미터!$B$10,0)+IF(E16>=2,파라미터!$B$11,0)+IF(E16>=3,파라미터!$B$12,0))))-IF(MOD($A16-1,파라미터!$B$22)=0,파라미터!$B$21,0) | G16: =MAX(0,G15+F16) | H16: =IF(OR($A16<파라미터!$B$6,MOD($A16,파라미터!$B$6)>=3),0,INT((3-MOD($A16,파라미터!$B$6)-1)/파라미터!$B$6)+1) | I16: =((H16*파라미터!$B$5-파라미터!$B$5*(IF(H16>=1,파라미터!$B$10,0)+IF(H16>=2,파라미터!$B$11,0)+IF(H16>=3,파라미터!$B$12,0)))+MAX(0,파라미터!$B$5*(IF(H16>=1,파라미터!$B$10,0)+IF(H16>=2,파라미터!$B$11,0)+IF(H16>=3,파라미터!$B$12,0))-파라미터!$B$15))*파라미터!$B$16-H16*파라미터!$B$7-MAX(0,파라미터!$B$19+파라미터!$B$20-MIN(파라미터!$B$15,파라미터!$B$5*(IF(H16>=1,파라미터!$B$10,0)+IF(H16>=2,파라미터!$B$11,0)+IF(H16>=3,파라미터!$B$12,0))))-IF(MOD($A16-1,파라미터!$B$22)=0,파라미터!$B$21,0) | J16: =MAX(0,J15+I16) | K16: =IF(OR($A16<파라미터!$B$6,MOD($A16,파라미터!$B$6)>=5),0,INT((5-MOD($A16,파라미터!$B$6)-1)/파라미터!$B$6)+1) | L16: =((K16*파라미터!$B$5-파라미터!$B$5*(IF(K16>=1,파라미터!$B$10,0)+IF(K16>=2,파라미터!$B$11,0)+IF(K16>=3,파라미터!$B$12,0)))+MAX(0,파라미터!$B$5*(IF(K16>=1,파라미터!$B$10,0)+IF(K16>=2,파라미터!$B$11,0)+IF(K16>=3,파라미터!$B$12,0))-파라미터!$B$15))*파라미터!$B$16-K16*파라미터!$B$7-MAX(0,파라미터!$B$19+파라미터!$B$20-MIN(파라미터!$B$15,파라미터!$B$5*(IF(K16>=1,파라미터!$B$10,0)+IF(K16>=2,파라미터!$B$11,0)+IF(K16>=3,파라미터!$B$12,0))))-IF(MOD($A16-1,파라미터!$B$22)=0,파라미터!$B$21,0) | M16: =MAX(0,M15+L16) | N16: =IF(OR($A16<파라미터!$B$6,MOD($A16,파라미터!$B$6)>=10),0,INT((10-MOD($A16,파라미터!$B$6)-1)/파라미터!$B$6)+1) | O16: =((N16*파라미터!$B$5-파라미터!$B$5*(IF(N16>=1,파라미터!$B$10,0)+IF(N16>=2,파라미터!$B$11,0)+IF(N16>=3,파라미터!$B$12,0)))+MAX(0,파라미터!$B$5*(IF(N16>=1,파라미터!$B$10,0)+IF(N16>=2,파라미터!$B$11,0)+IF(N16>=3,파라미터!$B$12,0))-파라미터!$B$15))*파라미터!$B$16-N16*파라미터!$B$7-MAX(0,파라미터!$B$19+파라미터!$B$20-MIN(파라미터!$B$15,파라미터!$B$5*(IF(N16>=1,파라미터!$B$10,0)+IF(N16>=2,파라미터!$B$11,0)+IF(N16>=3,파라미터!$B$12,0))))-IF(MOD($A16-1,파라미터!$B$22)=0,파라미터!$B$21,0) | P16: =MAX(0,P15+O16) | Q16: =IF(OR($A16<파라미터!$B$6,MOD($A16,파라미터!$B$6)>=20),0,INT((20-MOD($A16,파라미터!$B$6)-1)/파라미터!$B$6)+1) | R16: =((Q16*파라미터!$B$5-파라미터!$B$5*(IF(Q16>=1,파라미터!$B$10,0)+IF(Q16>=2,파라미터!$B$11,0)+IF(Q16>=3,파라미터!$B$12,0)))+MAX(0,파라미터!$B$5*(IF(Q16>=1,파라미터!$B$10,0)+IF(Q16>=2,파라미터!$B$11,0)+IF(Q16>=3,파라미터!$B$12,0))-파라미터!$B$15))*파라미터!$B$16-Q16*파라미터!$B$7-MAX(0,파라미터!$B$19+파라미터!$B$20-MIN(파라미터!$B$15,파라미터!$B$5*(IF(Q16>=1,파라미터!$B$10,0)+IF(Q16>=2,파라미터!$B$11,0)+IF(Q16>=3,파라미터!$B$12,0))))-IF(MOD($A16-1,파라미터!$B$22)=0,파라미터!$B$21,0) | S16: =MAX(0,S15+R16)
A17: 13 | B17: =IF(OR($A17<파라미터!$B$6,MOD($A17,파라미터!$B$6)>=1),0,INT((1-MOD($A17,파라미터!$B$6)-1)/파라미터!$B$6)+1) | C17: =((B17*파라미터!$B$5-파라미터!$B$5*(IF(B17>=1,파라미터!$B$10,0)+IF(B17>=2,파라미터!$B$11,0)+IF(B17>=3,파라미터!$B$12,0)))+MAX(0,파라미터!$B$5*(IF(B17>=1,파라미터!$B$10,0)+IF(B17>=2,파라미터!$B$11,0)+IF(B17>=3,파라미터!$B$12,0))-파라미터!$B$15))*파라미터!$B$16-B17*파라미터!$B$7-MAX(0,파라미터!$B$19+파라미터!$B$20-MIN(파라미터!$B$15,파라미터!$B$5*(IF(B17>=1,파라미터!$B$10,0)+IF(B17>=2,파라미터!$B$11,0)+IF(B17>=3,파라미터!$B$12,0))))-IF(MOD($A17-1,파라미터!$B$22)=0,파라미터!$B$21,0) | D17: =MAX(0,D16+C17) | E17: =IF(OR($A17<파라미터!$B$6,MOD($A17,파라미터!$B$6)>=2),0,INT((2-MOD($A17,파라미터!$B$6)-1)/파라미터!$B$6)+1) | F17: =((E17*파라미터!$B$5-파라미터!$B$5*(IF(E17>=1,파라미터!$B$10,0)+IF(E17>=2,파라미터!$B$11,0)+IF(E17>=3,파라미터!$B$12,0)))+MAX(0,파라미터!$B$5*(IF(E17>=1,파라미터!$B$10,0)+IF(E17>=2,파라미터!$B$11,0)+IF(E17>=3,파라미터!$B$12,0))-파라미터!$B$15))*파라미터!$B$16-E17*파라미터!$B$7-MAX(0,파라미터!$B$19+파라미터!$B$20-MIN(파라미터!$B$15,파라미터!$B$5*(IF(E17>=1,파라미터!$B$10,0)+IF(E17>=2,파라미터!$B$11,0)+IF(E17>=3,파라미터!$B$12,0))))-IF(MOD($A17-1,파라미터!$B$22)=0,파라미터!$B$21,0) | G17: =MAX(0,G16+F17) | H17: =IF(OR($A17<파라미터!$B$6,MOD($A17,파라미터!$B$6)>=3),0,INT((3-MOD($A17,파라미터!$B$6)-1)/파라미터!$B$6)+1) | I17: =((H17*파라미터!$B$5-파라미터!$B$5*(IF(H17>=1,파라미터!$B$10,0)+IF(H17>=2,파라미터!$B$11,0)+IF(H17>=3,파라미터!$B$12,0)))+MAX(0,파라미터!$B$5*(IF(H17>=1,파라미터!$B$10,0)+IF(H17>=2,파라미터!$B$11,0)+IF(H17>=3,파라미터!$B$12,0))-파라미터!$B$15))*파라미터!$B$16-H17*파라미터!$B$7-MAX(0,파라미터!$B$19+파라미터!$B$20-MIN(파라미터!$B$15,파라미터!$B$5*(IF(H17>=1,파라미터!$B$10,0)+IF(H17>=2,파라미터!$B$11,0)+IF(H17>=3,파라미터!$B$12,0))))-IF(MOD($A17-1,파라미터!$B$22)=0,파라미터!$B$21,0) | J17: =MAX(0,J16+I17) | K17: =IF(OR($A17<파라미터!$B$6,MOD($A17,파라미터!$B$6)>=5),0,INT((5-MOD($A17,파라미터!$B$6)-1)/파라미터!$B$6)+1) | L17: =((K17*파라미터!$B$5-파라미터!$B$5*(IF(K17>=1,파라미터!$B$10,0)+IF(K17>=2,파라미터!$B$11,0)+IF(K17>=3,파라미터!$B$12,0)))+MAX(0,파라미터!$B$5*(IF(K17>=1,파라미터!$B$10,0)+IF(K17>=2,파라미터!$B$11,0)+IF(K17>=3,파라미터!$B$12,0))-파라미터!$B$15))*파라미터!$B$16-K17*파라미터!$B$7-MAX(0,파라미터!$B$19+파라미터!$B$20-MIN(파라미터!$B$15,파라미터!$B$5*(IF(K17>=1,파라미터!$B$10,0)+IF(K17>=2,파라미터!$B$11,0)+IF(K17>=3,파라미터!$B$12,0))))-IF(MOD($A17-1,파라미터!$B$22)=0,파라미터!$B$21,0) | M17: =MAX(0,M16+L17) | N17: =IF(OR($A17<파라미터!$B$6,MOD($A17,파라미터!$B$6)>=10),0,INT((10-MOD($A17,파라미터!$B$6)-1)/파라미터!$B$6)+1) | O17: =((N17*파라미터!$B$5-파라미터!$B$5*(IF(N17>=1,파라미터!$B$10,0)+IF(N17>=2,파라미터!$B$11,0)+IF(N17>=3,파라미터!$B$12,0)))+MAX(0,파라미터!$B$5*(IF(N17>=1,파라미터!$B$10,0)+IF(N17>=2,파라미터!$B$11,0)+IF(N17>=3,파라미터!$B$12,0))-파라미터!$B$15))*파라미터!$B$16-N17*파라미터!$B$7-MAX(0,파라미터!$B$19+파라미터!$B$20-MIN(파라미터!$B$15,파라미터!$B$5*(IF(N17>=1,파라미터!$B$10,0)+IF(N17>=2,파라미터!$B$11,0)+IF(N17>=3,파라미터!$B$12,0))))-IF(MOD($A17-1,파라미터!$B$22)=0,파라미터!$B$21,0) | P17: =MAX(0,P16+O17) | Q17: =IF(OR($A17<파라미터!$B$6,MOD($A17,파라미터!$B$6)>=20),0,INT((20-MOD($A17,파라미터!$B$6)-1)/파라미터!$B$6)+1) | R17: =((Q17*파라미터!$B$5-파라미터!$B$5*(IF(Q17>=1,파라미터!$B$10,0)+IF(Q17>=2,파라미터!$B$11,0)+IF(Q17>=3,파라미터!$B$12,0)))+MAX(0,파라미터!$B$5*(IF(Q17>=1,파라미터!$B$10,0)+IF(Q17>=2,파라미터!$B$11,0)+IF(Q17>=3,파라미터!$B$12,0))-파라미터!$B$15))*파라미터!$B$16-Q17*파라미터!$B$7-MAX(0,파라미터!$B$19+파라미터!$B$20-MIN(파라미터!$B$15,파라미터!$B$5*(IF(Q17>=1,파라미터!$B$10,0)+IF(Q17>=2,파라미터!$B$11,0)+IF(Q17>=3,파라미터!$B$12,0))))-IF(MOD($A17-1,파라미터!$B$22)=0,파라미터!$B$21,0) | S17: =MAX(0,S16+R17)
... A124: 120 | B124: =IF(OR($A124<파라미터!$B$6,MOD($A124,파라미터!$B$6)>=1),0,INT((1-MOD($A124,파라미터!$B$6)-1)/파라미터!$B$6)+1) | C124: =((B124*파라미터!$B$5-파라미터!$B$5*(IF(B124>=1,파라미터!$B$10,0)+IF(B124>=2,파라미터!$B$11,0)+IF(B124>=3,파라미터!$B$12,0)))+MAX(0,파라미터!$B$5*(IF(B124>=1,파라미터!$B$10,0)+IF(B124>=2,파라미터!$B$11,0)+IF(B124>=3,파라미터!$B$12,0))-파라미터!$B$15))*파라미터!$B$16-B124*파라미터!$B$7-MAX(0,파라미터!$B$19+파라미터!$B$20-MIN(파라미터!$B$15,파라미터!$B$5*(IF(B124>=1,파라미터!$B$10,0)+IF(B124>=2,파라미터!$B$11,0)+IF(B124>=3,파라미터!$B$12,0))))-IF(MOD($A124-1,파라미터!$B$22)=0,파라미터!$B$21,0) | D124: =MAX(0,D123+C124) | E124: =IF(OR($A124<파라미터!$B$6,MOD($A124,파라미터!$B$6)>=2),0,INT((2-MOD($A124,파라미터!$B$6)-1)/파라미터!$B$6)+1) | F124: =((E124*파라미터!$B$5-파라미터!$B$5*(IF(E124>=1,파라미터!$B$10,0)+IF(E124>=2,파라미터!$B$11,0)+IF(E124>=3,파라미터!$B$12,0)))+MAX(0,파라미터!$B$5*(IF(E124>=1,파라미터!$B$10,0)+IF(E124>=2,파라미터!$B$11,0)+IF(E124>=3,파라미터!$B$12,0))-파라미터!$B$15))*파라미터!$B$16-E124*파라미터!$B$7-MAX(0,파라미터!$B$19+파라미터!$B$20-MIN(파라미터!$B$15,파라미터!$B$5*(IF(E124>=1,파라미터!$B$10,0)+IF(E124>=2,파라미터!$B$11,0)+IF(E124>=3,파라미터!$B$12,0))))-IF(MOD($A124-1,파라미터!$B$22)=0,파라미터!$B$21,0) | G124: =MAX(0,G123+F124) | H124: =IF(OR($A124<파라미터!$B$6,MOD($A124,파라미터!$B$6)>=3),0,INT((3-MOD($A124,파라미터!$B$6)-1)/파라미터!$B$6)+1) | I124: =((H124*파라미터!$B$5-파라미터!$B$5*(IF(H124>=1,파라미터!$B$10,0)+IF(H124>=2,파라미터!$B$11,0)+IF(H124>=3,파라미터!$B$12,0)))+MAX(0,파라미터!$B$5*(IF(H124>=1,파라미터!$B$10,0)+IF(H124>=2,파라미터!$B$11,0)+IF(H124>=3,파라미터!$B$12,0))-파라미터!$B$15))*파라미터!$B$16-H124*파라미터!$B$7-MAX(0,파라미터!$B$19+파라미터!$B$20-MIN(파라미터!$B$15,파라미터!$B$5*(IF(H124>=1,파라미터!$B$10,0)+IF(H124>=2,파라미터!$B$11,0)+IF(H124>=3,파라미터!$B$12,0))))-IF(MOD($A124-1,파라미터!$B$22)=0,파라미터!$B$21,0) | J124: =MAX(0,J123+I124) | K124: =IF(OR($A124<파라미터!$B$6,MOD($A124,파라미터!$B$6)>=5),0,INT((5-MOD($A124,파라미터!$B$6)-1)/파라미터!$B$6)+1) | L124: =((K124*파라미터!$B$5-파라미터!$B$5*(IF(K124>=1,파라미터!$B$10,0)+IF(K124>=2,파라미터!$B$11,0)+IF(K124>=3,파라미터!$B$12,0)))+MAX(0,파라미터!$B$5*(IF(K124>=1,파라미터!$B$10,0)+IF(K124>=2,파라미터!$B$11,0)+IF(K124>=3,파라미터!$B$12,0))-파라미터!$B$15))*파라미터!$B$16-K124*파라미터!$B$7-MAX(0,파라미터!$B$19+파라미터!$B$20-MIN(파라미터!$B$15,파라미터!$B$5*(IF(K124>=1,파라미터!$B$10,0)+IF(K124>=2,파라미터!$B$11,0)+IF(K124>=3,파라미터!$B$12,0))))-IF(MOD($A124-1,파라미터!$B$22)=0,파라미터!$B$21,0) | M124: =MAX(0,M123+L124) | N124: =IF(OR($A124<파라미터!$B$6,MOD($A124,파라미터!$B$6)>=10),0,INT((10-MOD($A124,파라미터!$B$6)-1)/파라미터!$B$6)+1) | O124: =((N124*파라미터!$B$5-파라미터!$B$5*(IF(N124>=1,파라미터!$B$10,0)+IF(N124>=2,파라미터!$B$11,0)+IF(N124>=3,파라미터!$B$12,0)))+MAX(0,파라미터!$B$5*(IF(N124>=1,파라미터!$B$10,0)+IF(N124>=2,파라미터!$B$11,0)+IF(N124>=3,파라미터!$B$12,0))-파라미터!$B$15))*파라미터!$B$16-N124*파라미터!$B$7-MAX(0,파라미터!$B$19+파라미터!$B$20-MIN(파라미터!$B$15,파라미터!$B$5*(IF(N124>=1,파라미터!$B$10,0)+IF(N124>=2,파라미터!$B$11,0)+IF(N124>=3,파라미터!$B$12,0))))-IF(MOD($A124-1,파라미터!$B$22)=0,파라미터!$B$21,0) | P124: =MAX(0,P123+O124) | Q124: =IF(OR($A124<파라미터!$B$6,MOD($A124,파라미터!$B$6)>=20),0,INT((20-MOD($A124,파라미터!$B$6)-1)/파라미터!$B$6)+1) | R124: =((Q124*파라미터!$B$5-파라미터!$B$5*(IF(Q124>=1,파라미터!$B$10,0)+IF(Q124>=2,파라미터!$B$11,0)+IF(Q124>=3,파라미터!$B$12,0)))+MAX(0,파라미터!$B$5*(IF(Q124>=1,파라미터!$B$10,0)+IF(Q124>=2,파라미터!$B$11,0)+IF(Q124>=3,파라미터!$B$12,0))-파라미터!$B$15))*파라미터!$B$16-Q124*파라미터!$B$7-MAX(0,파라미터!$B$19+파라미터!$B$20-MIN(파라미터!$B$15,파라미터!$B$5*(IF(Q124>=1,파라미터!$B$10,0)+IF(Q124>=2,파라미터!$B$11,0)+IF(Q124>=3,파라미터!$B$12,0))))-IF(MOD($A124-1,파라미터!$B$22)=0,파라미터!$B$21,0) | S124: =MAX(0,S123+R124)

Sheet 자세히
A1: 한 판을 하루씩 뜯어보기
A3: 시루 수 | B3: 5 | C3: ← 여기를 바꾸면 아래가 전부 바뀝니다
A4: 운용 | B4: 1 | C4: 1 = 분배(하루씩 어긋나게) · 2 = 같은 날 몰아서
A6: 일차 | B6: 거둔 시루 | C6: 곳간(밥) | D6: 잉여(현금) | E6: 씨앗값 | F6: 살림 | G6: 월세 | H6: 그날 증감 | I6: 누적 소지금 | J6: 쓴 손
A7: 1 | B7: =IF($B$4=2,IF(AND(MOD($A7,파라미터!$B$6)=0,$A7>=파라미터!$B$6),$B$3,0),IF(OR($A7<파라미터!$B$6,MOD($A7,파라미터!$B$6)>=$B$3),0,INT(($B$3-MOD($A7,파라미터!$B$6)-1)/파라미터!$B$6)+1)) | C7: =MIN(파라미터!$B$15,파라미터!$B$5*(IF(B7>=1,파라미터!$B$10,0)+IF(B7>=2,파라미터!$B$11,0)+IF(B7>=3,파라미터!$B$12,0))) | D7: =((B7*파라미터!$B$5-파라미터!$B$5*(IF(B7>=1,파라미터!$B$10,0)+IF(B7>=2,파라미터!$B$11,0)+IF(B7>=3,파라미터!$B$12,0)))+MAX(0,파라미터!$B$5*(IF(B7>=1,파라미터!$B$10,0)+IF(B7>=2,파라미터!$B$11,0)+IF(B7>=3,파라미터!$B$12,0))-파라미터!$B$15))*파라미터!$B$16 | E7: =B7*파라미터!$B$7 | F7: =MAX(0,파라미터!$B$19+파라미터!$B$20-C7) | G7: =IF(MOD($A7-1,파라미터!$B$22)=0,파라미터!$B$21,0) | H7: =D7-E7-F7-G7 | I7: =MAX(0,파라미터!$B$18+H7) | J7: =B7*파라미터!$B$25
A8: 2 | B8: =IF($B$4=2,IF(AND(MOD($A8,파라미터!$B$6)=0,$A8>=파라미터!$B$6),$B$3,0),IF(OR($A8<파라미터!$B$6,MOD($A8,파라미터!$B$6)>=$B$3),0,INT(($B$3-MOD($A8,파라미터!$B$6)-1)/파라미터!$B$6)+1)) | C8: =MIN(파라미터!$B$15,파라미터!$B$5*(IF(B8>=1,파라미터!$B$10,0)+IF(B8>=2,파라미터!$B$11,0)+IF(B8>=3,파라미터!$B$12,0))) | D8: =((B8*파라미터!$B$5-파라미터!$B$5*(IF(B8>=1,파라미터!$B$10,0)+IF(B8>=2,파라미터!$B$11,0)+IF(B8>=3,파라미터!$B$12,0)))+MAX(0,파라미터!$B$5*(IF(B8>=1,파라미터!$B$10,0)+IF(B8>=2,파라미터!$B$11,0)+IF(B8>=3,파라미터!$B$12,0))-파라미터!$B$15))*파라미터!$B$16 | E8: =B8*파라미터!$B$7 | F8: =MAX(0,파라미터!$B$19+파라미터!$B$20-C8) | G8: =IF(MOD($A8-1,파라미터!$B$22)=0,파라미터!$B$21,0) | H8: =D8-E8-F8-G8 | I8: =MAX(0,I7+H8) | J8: =B8*파라미터!$B$25
A9: 3 | B9: =IF($B$4=2,IF(AND(MOD($A9,파라미터!$B$6)=0,$A9>=파라미터!$B$6),$B$3,0),IF(OR($A9<파라미터!$B$6,MOD($A9,파라미터!$B$6)>=$B$3),0,INT(($B$3-MOD($A9,파라미터!$B$6)-1)/파라미터!$B$6)+1)) | C9: =MIN(파라미터!$B$15,파라미터!$B$5*(IF(B9>=1,파라미터!$B$10,0)+IF(B9>=2,파라미터!$B$11,0)+IF(B9>=3,파라미터!$B$12,0))) | D9: =((B9*파라미터!$B$5-파라미터!$B$5*(IF(B9>=1,파라미터!$B$10,0)+IF(B9>=2,파라미터!$B$11,0)+IF(B9>=3,파라미터!$B$12,0)))+MAX(0,파라미터!$B$5*(IF(B9>=1,파라미터!$B$10,0)+IF(B9>=2,파라미터!$B$11,0)+IF(B9>=3,파라미터!$B$12,0))-파라미터!$B$15))*파라미터!$B$16 | E9: =B9*파라미터!$B$7 | F9: =MAX(0,파라미터!$B$19+파라미터!$B$20-C9) | G9: =IF(MOD($A9-1,파라미터!$B$22)=0,파라미터!$B$21,0) | H9: =D9-E9-F9-G9 | I9: =MAX(0,I8+H9) | J9: =B9*파라미터!$B$25
A10: 4 | B10: =IF($B$4=2,IF(AND(MOD($A10,파라미터!$B$6)=0,$A10>=파라미터!$B$6),$B$3,0),IF(OR($A10<파라미터!$B$6,MOD($A10,파라미터!$B$6)>=$B$3),0,INT(($B$3-MOD($A10,파라미터!$B$6)-1)/파라미터!$B$6)+1)) | C10: =MIN(파라미터!$B$15,파라미터!$B$5*(IF(B10>=1,파라미터!$B$10,0)+IF(B10>=2,파라미터!$B$11,0)+IF(B10>=3,파라미터!$B$12,0))) | D10: =((B10*파라미터!$B$5-파라미터!$B$5*(IF(B10>=1,파라미터!$B$10,0)+IF(B10>=2,파라미터!$B$11,0)+IF(B10>=3,파라미터!$B$12,0)))+MAX(0,파라미터!$B$5*(IF(B10>=1,파라미터!$B$10,0)+IF(B10>=2,파라미터!$B$11,0)+IF(B10>=3,파라미터!$B$12,0))-파라미터!$B$15))*파라미터!$B$16 | E10: =B10*파라미터!$B$7 | F10: =MAX(0,파라미터!$B$19+파라미터!$B$20-C10) | G10: =IF(MOD($A10-1,파라미터!$B$22)=0,파라미터!$B$21,0) | H10: =D10-E10-F10-G10 | I10: =MAX(0,I9+H10) | J10: =B10*파라미터!$B$25
A11: 5 | B11: =IF($B$4=2,IF(AND(MOD($A11,파라미터!$B$6)=0,$A11>=파라미터!$B$6),$B$3,0),IF(OR($A11<파라미터!$B$6,MOD($A11,파라미터!$B$6)>=$B$3),0,INT(($B$3-MOD($A11,파라미터!$B$6)-1)/파라미터!$B$6)+1)) | C11: =MIN(파라미터!$B$15,파라미터!$B$5*(IF(B11>=1,파라미터!$B$10,0)+IF(B11>=2,파라미터!$B$11,0)+IF(B11>=3,파라미터!$B$12,0))) | D11: =((B11*파라미터!$B$5-파라미터!$B$5*(IF(B11>=1,파라미터!$B$10,0)+IF(B11>=2,파라미터!$B$11,0)+IF(B11>=3,파라미터!$B$12,0)))+MAX(0,파라미터!$B$5*(IF(B11>=1,파라미터!$B$10,0)+IF(B11>=2,파라미터!$B$11,0)+IF(B11>=3,파라미터!$B$12,0))-파라미터!$B$15))*파라미터!$B$16 | E11: =B11*파라미터!$B$7 | F11: =MAX(0,파라미터!$B$19+파라미터!$B$20-C11) | G11: =IF(MOD($A11-1,파라미터!$B$22)=0,파라미터!$B$21,0) | H11: =D11-E11-F11-G11 | I11: =MAX(0,I10+H11) | J11: =B11*파라미터!$B$25
A12: 6 | B12: =IF($B$4=2,IF(AND(MOD($A12,파라미터!$B$6)=0,$A12>=파라미터!$B$6),$B$3,0),IF(OR($A12<파라미터!$B$6,MOD($A12,파라미터!$B$6)>=$B$3),0,INT(($B$3-MOD($A12,파라미터!$B$6)-1)/파라미터!$B$6)+1)) | C12: =MIN(파라미터!$B$15,파라미터!$B$5*(IF(B12>=1,파라미터!$B$10,0)+IF(B12>=2,파라미터!$B$11,0)+IF(B12>=3,파라미터!$B$12,0))) | D12: =((B12*파라미터!$B$5-파라미터!$B$5*(IF(B12>=1,파라미터!$B$10,0)+IF(B12>=2,파라미터!$B$11,0)+IF(B12>=3,파라미터!$B$12,0)))+MAX(0,파라미터!$B$5*(IF(B12>=1,파라미터!$B$10,0)+IF(B12>=2,파라미터!$B$11,0)+IF(B12>=3,파라미터!$B$12,0))-파라미터!$B$15))*파라미터!$B$16 | E12: =B12*파라미터!$B$7 | F12: =MAX(0,파라미터!$B$19+파라미터!$B$20-C12) | G12: =IF(MOD($A12-1,파라미터!$B$22)=0,파라미터!$B$21,0) | H12: =D12-E12-F12-G12 | I12: =MAX(0,I11+H12) | J12: =B12*파라미터!$B$25
A13: 7 | B13: =IF($B$4=2,IF(AND(MOD($A13,파라미터!$B$6)=0,$A13>=파라미터!$B$6),$B$3,0),IF(OR($A13<파라미터!$B$6,MOD($A13,파라미터!$B$6)>=$B$3),0,INT(($B$3-MOD($A13,파라미터!$B$6)-1)/파라미터!$B$6)+1)) | C13: =MIN(파라미터!$B$15,파라미터!$B$5*(IF(B13>=1,파라미터!$B$10,0)+IF(B13>=2,파라미터!$B$11,0)+IF(B13>=3,파라미터!$B$12,0))) | D13: =((B13*파라미터!$B$5-파라미터!$B$5*(IF(B13>=1,파라미터!$B$10,0)+IF(B13>=2,파라미터!$B$11,0)+IF(B13>=3,파라미터!$B$12,0)))+MAX(0,파라미터!$B$5*(IF(B13>=1,파라미터!$B$10,0)+IF(B13>=2,파라미터!$B$11,0)+IF(B13>=3,파라미터!$B$12,0))-파라미터!$B$15))*파라미터!$B$16 | E13: =B13*파라미터!$B$7 | F13: =MAX(0,파라미터!$B$19+파라미터!$B$20-C13) | G13: =IF(MOD($A13-1,파라미터!$B$22)=0,파라미터!$B$21,0) | H13: =D13-E13-F13-G13 | I13: =MAX(0,I12+H13) | J13: =B13*파라미터!$B$25
A14: 8 | B14: =IF($B$4=2,IF(AND(MOD($A14,파라미터!$B$6)=0,$A14>=파라미터!$B$6),$B$3,0),IF(OR($A14<파라미터!$B$6,MOD($A14,파라미터!$B$6)>=$B$3),0,INT(($B$3-MOD($A14,파라미터!$B$6)-1)/파라미터!$B$6)+1)) | C14: =MIN(파라미터!$B$15,파라미터!$B$5*(IF(B14>=1,파라미터!$B$10,0)+IF(B14>=2,파라미터!$B$11,0)+IF(B14>=3,파라미터!$B$12,0))) | D14: =((B14*파라미터!$B$5-파라미터!$B$5*(IF(B14>=1,파라미터!$B$10,0)+IF(B14>=2,파라미터!$B$11,0)+IF(B14>=3,파라미터!$B$12,0)))+MAX(0,파라미터!$B$5*(IF(B14>=1,파라미터!$B$10,0)+IF(B14>=2,파라미터!$B$11,0)+IF(B14>=3,파라미터!$B$12,0))-파라미터!$B$15))*파라미터!$B$16 | E14: =B14*파라미터!$B$7 | F14: =MAX(0,파라미터!$B$19+파라미터!$B$20-C14) | G14: =IF(MOD($A14-1,파라미터!$B$22)=0,파라미터!$B$21,0) | H14: =D14-E14-F14-G14 | I14: =MAX(0,I13+H14) | J14: =B14*파라미터!$B$25
A15: 9 | B15: =IF($B$4=2,IF(AND(MOD($A15,파라미터!$B$6)=0,$A15>=파라미터!$B$6),$B$3,0),IF(OR($A15<파라미터!$B$6,MOD($A15,파라미터!$B$6)>=$B$3),0,INT(($B$3-MOD($A15,파라미터!$B$6)-1)/파라미터!$B$6)+1)) | C15: =MIN(파라미터!$B$15,파라미터!$B$5*(IF(B15>=1,파라미터!$B$10,0)+IF(B15>=2,파라미터!$B$11,0)+IF(B15>=3,파라미터!$B$12,0))) | D15: =((B15*파라미터!$B$5-파라미터!$B$5*(IF(B15>=1,파라미터!$B$10,0)+IF(B15>=2,파라미터!$B$11,0)+IF(B15>=3,파라미터!$B$12,0)))+MAX(0,파라미터!$B$5*(IF(B15>=1,파라미터!$B$10,0)+IF(B15>=2,파라미터!$B$11,0)+IF(B15>=3,파라미터!$B$12,0))-파라미터!$B$15))*파라미터!$B$16 | E15: =B15*파라미터!$B$7 | F15: =MAX(0,파라미터!$B$19+파라미터!$B$20-C15) | G15: =IF(MOD($A15-1,파라미터!$B$22)=0,파라미터!$B$21,0) | H15: =D15-E15-F15-G15 | I15: =MAX(0,I14+H15) | J15: =B15*파라미터!$B$25
A16: 10 | B16: =IF($B$4=2,IF(AND(MOD($A16,파라미터!$B$6)=0,$A16>=파라미터!$B$6),$B$3,0),IF(OR($A16<파라미터!$B$6,MOD($A16,파라미터!$B$6)>=$B$3),0,INT(($B$3-MOD($A16,파라미터!$B$6)-1)/파라미터!$B$6)+1)) | C16: =MIN(파라미터!$B$15,파라미터!$B$5*(IF(B16>=1,파라미터!$B$10,0)+IF(B16>=2,파라미터!$B$11,0)+IF(B16>=3,파라미터!$B$12,0))) | D16: =((B16*파라미터!$B$5-파라미터!$B$5*(IF(B16>=1,파라미터!$B$10,0)+IF(B16>=2,파라미터!$B$11,0)+IF(B16>=3,파라미터!$B$12,0)))+MAX(0,파라미터!$B$5*(IF(B16>=1,파라미터!$B$10,0)+IF(B16>=2,파라미터!$B$11,0)+IF(B16>=3,파라미터!$B$12,0))-파라미터!$B$15))*파라미터!$B$16 | E16: =B16*파라미터!$B$7 | F16: =MAX(0,파라미터!$B$19+파라미터!$B$20-C16) | G16: =IF(MOD($A16-1,파라미터!$B$22)=0,파라미터!$B$21,0) | H16: =D16-E16-F16-G16 | I16: =MAX(0,I15+H16) | J16: =B16*파라미터!$B$25
A17: 11 | B17: =IF($B$4=2,IF(AND(MOD($A17,파라미터!$B$6)=0,$A17>=파라미터!$B$6),$B$3,0),IF(OR($A17<파라미터!$B$6,MOD($A17,파라미터!$B$6)>=$B$3),0,INT(($B$3-MOD($A17,파라미터!$B$6)-1)/파라미터!$B$6)+1)) | C17: =MIN(파라미터!$B$15,파라미터!$B$5*(IF(B17>=1,파라미터!$B$10,0)+IF(B17>=2,파라미터!$B$11,0)+IF(B17>=3,파라미터!$B$12,0))) | D17: =((B17*파라미터!$B$5-파라미터!$B$5*(IF(B17>=1,파라미터!$B$10,0)+IF(B17>=2,파라미터!$B$11,0)+IF(B17>=3,파라미터!$B$12,0)))+MAX(0,파라미터!$B$5*(IF(B17>=1,파라미터!$B$10,0)+IF(B17>=2,파라미터!$B$11,0)+IF(B17>=3,파라미터!$B$12,0))-파라미터!$B$15))*파라미터!$B$16 | E17: =B17*파라미터!$B$7 | F17: =MAX(0,파라미터!$B$19+파라미터!$B$20-C17) | G17: =IF(MOD($A17-1,파라미터!$B$22)=0,파라미터!$B$21,0) | H17: =D17-E17-F17-G17 | I17: =MAX(0,I16+H17) | J17: =B17*파라미터!$B$25
A18: 12 | B18: =IF($B$4=2,IF(AND(MOD($A18,파라미터!$B$6)=0,$A18>=파라미터!$B$6),$B$3,0),IF(OR($A18<파라미터!$B$6,MOD($A18,파라미터!$B$6)>=$B$3),0,INT(($B$3-MOD($A18,파라미터!$B$6)-1)/파라미터!$B$6)+1)) | C18: =MIN(파라미터!$B$15,파라미터!$B$5*(IF(B18>=1,파라미터!$B$10,0)+IF(B18>=2,파라미터!$B$11,0)+IF(B18>=3,파라미터!$B$12,0))) | D18: =((B18*파라미터!$B$5-파라미터!$B$5*(IF(B18>=1,파라미터!$B$10,0)+IF(B18>=2,파라미터!$B$11,0)+IF(B18>=3,파라미터!$B$12,0)))+MAX(0,파라미터!$B$5*(IF(B18>=1,파라미터!$B$10,0)+IF(B18>=2,파라미터!$B$11,0)+IF(B18>=3,파라미터!$B$12,0))-파라미터!$B$15))*파라미터!$B$16 | E18: =B18*파라미터!$B$7 | F18: =MAX(0,파라미터!$B$19+파라미터!$B$20-C18) | G18: =IF(MOD($A18-1,파라미터!$B$22)=0,파라미터!$B$21,0) | H18: =D18-E18-F18-G18 | I18: =MAX(0,I17+H18) | J18: =B18*파라미터!$B$25
A19: 13 | B19: =IF($B$4=2,IF(AND(MOD($A19,파라미터!$B$6)=0,$A19>=파라미터!$B$6),$B$3,0),IF(OR($A19<파라미터!$B$6,MOD($A19,파라미터!$B$6)>=$B$3),0,INT(($B$3-MOD($A19,파라미터!$B$6)-1)/파라미터!$B$6)+1)) | C19: =MIN(파라미터!$B$15,파라미터!$B$5*(IF(B19>=1,파라미터!$B$10,0)+IF(B19>=2,파라미터!$B$11,0)+IF(B19>=3,파라미터!$B$12,0))) | D19: =((B19*파라미터!$B$5-파라미터!$B$5*(IF(B19>=1,파라미터!$B$10,0)+IF(B19>=2,파라미터!$B$11,0)+IF(B19>=3,파라미터!$B$12,0)))+MAX(0,파라미터!$B$5*(IF(B19>=1,파라미터!$B$10,0)+IF(B19>=2,파라미터!$B$11,0)+IF(B19>=3,파라미터!$B$12,0))-파라미터!$B$15))*파라미터!$B$16 | E19: =B19*파라미터!$B$7 | F19: =MAX(0,파라미터!$B$19+파라미터!$B$20-C19) | G19: =IF(MOD($A19-1,파라미터!$B$22)=0,파라미터!$B$21,0) | H19: =D19-E19-F19-G19 | I19: =MAX(0,I18+H19) | J19: =B19*파라미터!$B$25
... A126: 120 | B126: =IF($B$4=2,IF(AND(MOD($A126,파라미터!$B$6)=0,$A126>=파라미터!$B$6),$B$3,0),IF(OR($A126<파라미터!$B$6,MOD($A126,파라미터!$B$6)>=$B$3),0,INT(($B$3-MOD($A126,파라미터!$B$6)-1)/파라미터!$B$6)+1)) | C126: =MIN(파라미터!$B$15,파라미터!$B$5*(IF(B126>=1,파라미터!$B$10,0)+IF(B126>=2,파라미터!$B$11,0)+IF(B126>=3,파라미터!$B$12,0))) | D126: =((B126*파라미터!$B$5-파라미터!$B$5*(IF(B126>=1,파라미터!$B$10,0)+IF(B126>=2,파라미터!$B$11,0)+IF(B126>=3,파라미터!$B$12,0)))+MAX(0,파라미터!$B$5*(IF(B126>=1,파라미터!$B$10,0)+IF(B126>=2,파라미터!$B$11,0)+IF(B126>=3,파라미터!$B$12,0))-파라미터!$B$15))*파라미터!$B$16 | E126: =B126*파라미터!$B$7 | F126: =MAX(0,파라미터!$B$19+파라미터!$B$20-C126) | G126: =IF(MOD($A126-1,파라미터!$B$22)=0,파라미터!$B$21,0) | H126: =D126-E126-F126-G126 | I126: =MAX(0,I125+H126) | J126: =B126*파라미터!$B$25

Sheet 요약
A1: 시루 수별 120일 결과
A2: 분배로 돌렸을 때. 「일자별 비교」 시트에서 뽑아 옵니다.
A4: 시루 수 | B4: 120일 누적 소지금 | C4: 돈이 마르는 날 | D4: 하루 최대 거둔 시루 | E4: 하루 최대 손 | F4: 시작 체력 5로 되나
A5: 1 | B5: ='일자별 비교'!D124 | C5: =IFERROR(MATCH(0,'일자별 비교'!D5:D124,0),"안 마름") | D5: =MAX('일자별 비교'!B5:B124) | E5: =D5*파라미터!$B$25 | F5: =IF(E5<=파라미터!$B$24,"된다","체력 "&E5&" 필요")
A6: 2 | B6: ='일자별 비교'!G124 | C6: =IFERROR(MATCH(0,'일자별 비교'!G5:G124,0),"안 마름") | D6: =MAX('일자별 비교'!E5:E124) | E6: =D6*파라미터!$B$25 | F6: =IF(E6<=파라미터!$B$24,"된다","체력 "&E6&" 필요")
A7: 3 | B7: ='일자별 비교'!J124 | C7: =IFERROR(MATCH(0,'일자별 비교'!J5:J124,0),"안 마름") | D7: =MAX('일자별 비교'!H5:H124) | E7: =D7*파라미터!$B$25 | F7: =IF(E7<=파라미터!$B$24,"된다","체력 "&E7&" 필요")
A8: 5 | B8: ='일자별 비교'!M124 | C8: =IFERROR(MATCH(0,'일자별 비교'!M5:M124,0),"안 마름") | D8: =MAX('일자별 비교'!K5:K124) | E8: =D8*파라미터!$B$25 | F8: =IF(E8<=파라미터!$B$24,"된다","체력 "&E8&" 필요")
A9: 10 | B9: ='일자별 비교'!P124 | C9: =IFERROR(MATCH(0,'일자별 비교'!P5:P124,0),"안 마름") | D9: =MAX('일자별 비교'!N5:N124) | E9: =D9*파라미터!$B$25 | F9: =IF(E9<=파라미터!$B$24,"된다","체력 "&E9&" 필요")
A10: 20 | B10: ='일자별 비교'!S124 | C10: =IFERROR(MATCH(0,'일자별 비교'!S5:S124,0),"안 마름") | D10: =MAX('일자별 비교'!Q5:Q124) | E10: =D10*파라미터!$B$25 | F10: =IF(E10<=파라미터!$B$24,"된다","체력 "&E10&" 필요")
A13: 읽는 법
A14: · 「돈이 마르는 날」이 이르면 그 시루 수로는 못 버팁니다.
A15: · 「필요 최대체력」이 시작 체력 5보다 크면, 체력을 먼저 올려야 그만큼 굴릴 수 있습니다.
A16: · 잉여 판매는 곳간 상한을 넘겨야 생깁니다 — 시루가 적으면 0입니다.
